# Blender 4.2.2 LTS
# www.blender.org
mtllib Event stage with LED wall.mtl
o Cube
v -4.876800 0.000000 -1.414430
v -4.876800 0.609600 -1.414430
v -4.876800 0.000000 -7.510430
v -4.876800 0.609600 -7.510430
v 4.876800 0.000000 -1.414430
v 4.876800 0.609600 -1.414430
v 4.876800 0.000000 -7.510430
v 4.876800 0.609600 -7.510430
vn -1.0000 -0.0000 -0.0000
vn -0.0000 -0.0000 -1.0000
vn 1.0000 -0.0000 -0.0000
vn -0.0000 -0.0000 1.0000
vn -0.0000 -1.0000 -0.0000
vn -0.0000 1.0000 -0.0000
vt 0.375000 0.000000
vt 0.625000 0.000000
vt 0.625000 0.250000
vt 0.375000 0.250000
vt 0.625000 0.500000
vt 0.375000 0.500000
vt 0.625000 0.750000
vt 0.375000 0.750000
vt 1.003222 -0.017385
vt 1.003589 0.993356
vt 0.006287 1.021128
vt 0.005920 0.010387
vt 0.125000 0.500000
vt 0.125000 0.750000
vt 0.004298 0.015790
vt 0.977734 0.015790
vt 0.977734 0.989226
vt 0.004298 0.989226
s 0
usemtl Material.005
f 1/1/1 2/2/1 4/3/1 3/4/1
f 3/4/2 4/3/2 8/5/2 7/6/2
f 7/6/3 8/5/3 6/7/3 5/8/3
f 5/9/4 6/10/4 2/11/4 1/12/4
f 3/13/5 7/6/5 5/8/5 1/14/5
usemtl Material.003
f 8/15/6 4/16/6 2/17/6 6/18/6
o Cube.001
v -4.876800 0.000000 -7.488370
v -4.876800 0.914400 -7.488370
v -4.876800 0.000000 -8.707570
v -4.876800 0.914400 -8.707570
v 4.876800 0.000000 -7.488370
v 4.876800 0.914400 -7.488370
v 4.876800 0.000000 -8.707570
v 4.876800 0.914400 -8.707570
vn -1.0000 -0.0000 -0.0000
vn -0.0000 -0.0000 -1.0000
vn 1.0000 -0.0000 -0.0000
vn -0.0000 -0.0000 1.0000
vn -0.0000 -1.0000 -0.0000
vn -0.0000 1.0000 -0.0000
vt 0.375000 0.000000
vt 0.625000 0.000000
vt 0.625000 0.250000
vt 0.375000 0.250000
vt 0.625000 0.500000
vt 0.375000 0.500000
vt 0.625000 0.750000
vt 0.375000 0.750000
vt 0.625000 1.000000
vt 0.375000 1.000000
vt 0.125000 0.500000
vt 0.125000 0.750000
vt 0.875000 0.500000
vt 0.875000 0.750000
s 0
usemtl Material.008
f 9/19/7 10/20/7 12/21/7 11/22/7
f 11/22/8 12/21/8 16/23/8 15/24/8
f 15/24/9 16/23/9 14/25/9 13/26/9
f 13/26/10 14/25/10 10/27/10 9/28/10
f 11/29/11 15/24/11 13/26/11 9/30/11
f 16/23/12 12/31/12 10/32/12 14/25/12
o Cube.005
v -2.999994 0.938784 -7.488370
v -2.999994 3.938016 -7.488370
v -2.999994 0.938784 -7.518850
v -2.999994 3.938016 -7.518850
v 2.999994 0.938784 -7.488370
v 2.999994 3.938016 -7.488370
v 2.999994 0.938784 -7.518850
v 2.999994 3.938016 -7.518850
vn -1.0000 -0.0000 -0.0000
vn -0.0000 -0.0000 -1.0000
vn 1.0000 -0.0000 -0.0000
vn -0.0000 -0.0000 1.0000
vn -0.0000 -1.0000 -0.0000
vn -0.0000 1.0000 -0.0000
vt 0.375000 0.000000
vt 0.625000 0.000000
vt 0.625000 0.250000
vt 0.375000 0.250000
vt 0.625000 0.500000
vt 0.375000 0.500000
vt 0.625000 0.750000
vt 0.375000 0.750000
vt 1.005653 0.000861
vt 1.005642 1.001269
vt 0.004347 1.001264
vt 0.004358 0.000856
vt 0.125000 0.500000
vt 0.125000 0.750000
vt 0.875000 0.500000
vt 0.875000 0.750000
s 0
usemtl Material.018
f 17/33/13 18/34/13 20/35/13 19/36/13
f 19/36/14 20/35/14 24/37/14 23/38/14
f 23/38/15 24/37/15 22/39/15 21/40/15
f 21/41/16 22/42/16 18/43/16 17/44/16
f 19/45/17 23/38/17 21/40/17 17/46/17
f 24/37/18 20/47/18 18/48/18 22/39/18
o Cube.007
v -5.378251 -0.000000 -7.510430
v -5.378251 0.203200 -7.510430
v -5.175051 -0.000000 -7.510430
v -5.175051 0.203200 -7.510430
v -5.378251 -0.000000 -6.596030
v -5.378251 0.203200 -6.596030
v -5.175051 -0.000000 -6.596030
v -5.175051 0.203200 -6.596030
v -5.175051 0.203200 -7.510430
v -5.175051 0.406400 -7.510430
v -4.971851 0.203200 -7.510430
v -4.971851 0.406400 -7.510430
v -5.175051 0.203200 -6.596030
v -5.175051 0.406400 -6.596030
v -4.971851 0.203200 -6.596030
v -4.971851 0.406400 -6.596030
v -4.971851 0.406400 -7.510430
v -4.971851 0.609600 -7.510430
v -4.768651 0.406400 -7.510430
v -4.768651 0.609600 -7.510430
v -4.971851 0.406400 -6.596030
v -4.971851 0.609600 -6.596030
v -4.768651 0.406400 -6.596030
v -4.768651 0.609600 -6.596030
vn -0.0000 -0.0000 -1.0000
vn 1.0000 -0.0000 -0.0000
vn -0.0000 -0.0000 1.0000
vn -1.0000 -0.0000 -0.0000
vn -0.0000 -1.0000 -0.0000
vn -0.0000 1.0000 -0.0000
vt 0.375000 0.000000
vt 0.625000 0.000000
vt 0.625000 0.250000
vt 0.375000 0.250000
vt 0.625000 0.500000
vt 0.375000 0.500000
vt 0.625000 0.750000
vt 0.375000 0.750000
vt 0.625000 1.000000
vt 0.375000 1.000000
vt 0.125000 0.500000
vt 0.125000 0.750000
vt 0.875000 0.500000
vt 0.875000 0.750000
s 0
usemtl Material.005
f 25/49/19 26/50/19 28/51/19 27/52/19
f 27/52/20 28/51/20 32/53/20 31/54/20
f 31/54/21 32/53/21 30/55/21 29/56/21
f 29/56/22 30/55/22 26/57/22 25/58/22
f 27/59/23 31/54/23 29/56/23 25/60/23
f 32/53/24 28/61/24 26/62/24 30/55/24
f 33/49/19 34/50/19 36/51/19 35/52/19
f 35/52/20 36/51/20 40/53/20 39/54/20
f 39/54/21 40/53/21 38/55/21 37/56/21
f 37/56/22 38/55/22 34/57/22 33/58/22
f 35/59/23 39/54/23 37/56/23 33/60/23
f 40/53/24 36/61/24 34/62/24 38/55/24
f 41/49/19 42/50/19 44/51/19 43/52/19
f 43/52/20 44/51/20 48/53/20 47/54/20
f 47/54/21 48/53/21 46/55/21 45/56/21
f 45/56/22 46/55/22 42/57/22 41/58/22
f 43/59/23 47/54/23 45/56/23 41/60/23
f 48/53/24 44/61/24 42/62/24 46/55/24
o Cube.008
v 5.364174 -0.101600 -6.596030
v 5.364174 0.101600 -6.596030
v 5.160975 -0.101600 -6.596030
v 5.160975 0.101600 -6.596030
v 5.364175 -0.101600 -7.510430
v 5.364175 0.101600 -7.510430
v 5.160975 -0.101600 -7.510430
v 5.160975 0.101600 -7.510430
v 5.160975 0.101600 -6.596030
v 5.160975 0.304800 -6.596030
v 4.957775 0.101600 -6.596030
v 4.957775 0.304800 -6.596030
v 5.160975 0.101600 -7.510430
v 5.160975 0.304800 -7.510430
v 4.957775 0.101600 -7.510430
v 4.957775 0.304800 -7.510430
v 4.957775 0.304800 -6.596030
v 4.957775 0.508000 -6.596030
v 4.754575 0.304800 -6.596030
v 4.754575 0.508000 -6.596030
v 4.957775 0.304800 -7.510430
v 4.957775 0.508000 -7.510430
v 4.754575 0.304800 -7.510430
v 4.754575 0.508000 -7.510430
vn -0.0000 -0.0000 1.0000
vn -1.0000 -0.0000 -0.0000
vn -0.0000 -0.0000 -1.0000
vn 1.0000 -0.0000 -0.0000
vn -0.0000 -1.0000 -0.0000
vn -0.0000 1.0000 -0.0000
vt 0.375000 0.000000
vt 0.625000 0.000000
vt 0.625000 0.250000
vt 0.375000 0.250000
vt 0.625000 0.500000
vt 0.375000 0.500000
vt 0.625000 0.750000
vt 0.375000 0.750000
vt 0.625000 1.000000
vt 0.375000 1.000000
vt 0.125000 0.500000
vt 0.125000 0.750000
vt 0.875000 0.500000
vt 0.875000 0.750000
s 0
usemtl Material.003
f 49/63/25 50/64/25 52/65/25 51/66/25
f 51/66/26 52/65/26 56/67/26 55/68/26
f 55/68/27 56/67/27 54/69/27 53/70/27
f 53/70/28 54/69/28 50/71/28 49/72/28
f 51/73/29 55/68/29 53/70/29 49/74/29
f 56/67/30 52/75/30 50/76/30 54/69/30
f 57/63/25 58/64/25 60/65/25 59/66/25
f 59/66/26 60/65/26 64/67/26 63/68/26
f 63/68/27 64/67/27 62/69/27 61/70/27
f 61/70/28 62/69/28 58/71/28 57/72/28
f 59/73/29 63/68/29 61/70/29 57/74/29
f 64/67/30 60/75/30 58/76/30 62/69/30
f 65/63/25 66/64/25 68/65/25 67/66/25
f 67/66/26 68/65/26 72/67/26 71/68/26
f 71/68/27 72/67/27 70/69/27 69/70/27
f 69/70/28 70/69/28 66/71/28 65/72/28
f 67/73/29 71/68/29 69/70/29 65/74/29
f 72/67/30 68/75/30 66/76/30 70/69/30
o Cube.002
v -4.766056 0.938784 -7.488370
v -4.766056 3.938016 -7.488370
v -4.766056 0.938784 -7.518850
v -4.766056 3.938016 -7.518850
v -3.272536 0.938784 -7.488370
v -3.272536 3.938016 -7.488370
v -3.272536 0.938784 -7.518850
v -3.272536 3.938016 -7.518850
vn -1.0000 -0.0000 -0.0000
vn -0.0000 -0.0000 -1.0000
vn 1.0000 -0.0000 -0.0000
vn -0.0000 -0.0000 1.0000
vn -0.0000 -1.0000 -0.0000
vn -0.0000 1.0000 -0.0000
vt 0.375000 0.000000
vt 0.625000 0.000000
vt 0.625000 0.250000
vt 0.375000 0.250000
vt 0.625000 0.500000
vt 0.375000 0.500000
vt 0.625000 0.750000
vt 0.375000 0.750000
vt 0.985267 0.029324
vt 0.985267 0.989755
vt 0.001280 0.989755
vt 0.001280 0.029324
vt 0.125000 0.500000
vt 0.125000 0.750000
vt 0.875000 0.500000
vt 0.875000 0.750000
s 0
usemtl Material.020
f 73/77/31 74/78/31 76/79/31 75/80/31
f 75/80/32 76/79/32 80/81/32 79/82/32
f 79/82/33 80/81/33 78/83/33 77/84/33
f 75/89/35 79/82/35 77/84/35 73/90/35
f 80/81/36 76/91/36 74/92/36 78/83/36
usemtl Material.021
f 77/85/34 78/86/34 74/87/34 73/88/34
o Cube.009
v 4.756177 0.941795 -7.518400
v 4.756177 3.941027 -7.518400
v 4.756177 0.941795 -7.487920
v 4.756177 3.941027 -7.487920
v 3.262658 0.941795 -7.518400
v 3.262658 3.941027 -7.518400
v 3.262658 0.941795 -7.487920
v 3.262658 3.941027 -7.487920
vn 1.0000 -0.0000 -0.0000
vn -0.0000 -0.0000 1.0000
vn -1.0000 -0.0000 -0.0000
vn -0.0000 -0.0000 -1.0000
vn -0.0000 -1.0000 -0.0000
vn -0.0000 1.0000 -0.0000
vt 0.375000 0.000000
vt 0.625000 0.000000
vt 0.625000 0.250000
vt 0.375000 0.250000
vt 1.018072 -0.003827
vt 1.018488 0.991979
vt -0.004620 0.995631
vt -0.005036 -0.000175
vt 0.375000 0.500000
vt 0.625000 0.500000
vt 0.625000 0.750000
vt 0.375000 0.750000
vt 0.028116 -0.022641
vt 0.028116 0.936184
vt 0.991884 0.936184
vt 0.991884 -0.022641
vt 0.125000 0.500000
vt 0.125000 0.750000
vt 0.875000 0.500000
vt 0.875000 0.750000
s 0
usemtl Material.023
f 81/93/37 82/94/37 84/95/37 83/96/37
f 87/101/39 88/102/39 86/103/39 85/104/39
f 83/109/41 87/101/41 85/104/41 81/110/41
f 88/102/42 84/111/42 82/112/42 86/103/42
usemtl IMAGE
f 83/97/38 84/98/38 88/99/38 87/100/38
f 85/105/40 86/106/40 82/107/40 81/108/40
o Plane
v -7.467600 -0.787400 26.358133
v 7.467600 -0.787400 26.358133
v -7.467600 -0.787400 -10.217867
v 7.467600 -0.787400 -10.217867
vn -0.0000 1.0000 -0.0000
vt 0.000000 0.000000
vt 1.000000 0.000000
vt 1.000000 1.000000
vt 0.000000 1.000000
s 0
usemtl Material.013
f 89/113/43 90/114/43 92/115/43 91/116/43
o Cube.012
v 4.876912 0.000000 -5.242560
v 4.876912 1.219200 -5.242560
v 4.876912 0.000000 -6.461760
v 4.876912 1.219200 -6.461760
v 7.315312 0.000000 -5.242560
v 7.315312 1.219200 -5.242560
v 7.315312 0.000000 -6.461760
v 7.315312 1.219200 -6.461760
vn -1.0000 -0.0000 -0.0000
vn -0.0000 -0.0000 -1.0000
vn 1.0000 -0.0000 -0.0000
vn -0.0000 -0.0000 1.0000
vn -0.0000 -1.0000 -0.0000
vn -0.0000 1.0000 -0.0000
vt 0.375000 0.000000
vt 0.625000 0.000000
vt 0.625000 0.250000
vt 0.375000 0.250000
vt 0.625000 0.500000
vt 0.375000 0.500000
vt 0.625000 0.750000
vt 0.375000 0.750000
vt 0.998824 0.001289
vt 0.998824 1.005314
vt 0.001002 1.005314
vt 0.001002 0.001289
vt 0.125000 0.500000
vt 0.125000 0.750000
vt 0.875000 0.500000
vt 0.875000 0.750000
s 0
usemtl Material.005
f 93/117/44 94/118/44 96/119/44 95/120/44
f 95/120/45 96/119/45 100/121/45 99/122/45
f 99/122/46 100/121/46 98/123/46 97/124/46
f 97/125/47 98/126/47 94/127/47 93/128/47
f 95/129/48 99/122/48 97/124/48 93/130/48
f 100/121/49 96/131/49 94/132/49 98/123/49
o Cube.014
v -7.334799 0.000000 -5.242560
v -7.334799 1.219200 -5.242560
v -7.334799 0.000000 -6.461760
v -7.334799 1.219200 -6.461760
v -4.896399 0.000000 -5.242560
v -4.896399 1.219200 -5.242560
v -4.896399 0.000000 -6.461760
v -4.896399 1.219200 -6.461760
vn -1.0000 -0.0000 -0.0000
vn -0.0000 -0.0000 -1.0000
vn 1.0000 -0.0000 -0.0000
vn -0.0000 -0.0000 1.0000
vn -0.0000 -1.0000 -0.0000
vn -0.0000 1.0000 -0.0000
vt 0.375000 0.000000
vt 0.625000 0.000000
vt 0.625000 0.250000
vt 0.375000 0.250000
vt 0.625000 0.500000
vt 0.375000 0.500000
vt 0.625000 0.750000
vt 0.375000 0.750000
vt 1.001906 0.012896
vt 1.001883 0.996990
vt 0.000663 0.996988
vt 0.000687 0.012894
vt 0.125000 0.500000
vt 0.125000 0.750000
vt 0.875000 0.500000
vt 0.875000 0.750000
s 0
usemtl Material.005
f 101/133/50 102/134/50 104/135/50 103/136/50
f 103/136/51 104/135/51 108/137/51 107/138/51
f 107/138/52 108/137/52 106/139/52 105/140/52
f 105/141/53 106/142/53 102/143/53 101/144/53
f 103/145/54 107/138/54 105/140/54 101/146/54
f 108/137/55 104/147/55 102/148/55 106/139/55
o Cube.018
v 4.876800 1.219200 -5.242560
v 4.876800 3.657600 -5.242560
v 4.876800 1.219200 -6.461760
v 4.876800 3.657600 -6.461760
v 7.315200 1.219200 -5.242560
v 7.315200 3.657600 -5.242560
v 7.315200 1.219200 -6.461760
vn -1.0000 -0.0000 -0.0000
vn -0.0000 -0.0000 1.0000
vn -0.0000 -1.0000 -0.0000
vt 0.375000 0.000000
vt 0.625000 0.000000
vt 0.625000 0.250000
vt 0.375000 0.250000
vt 0.984924 0.011317
vt 0.984924 0.991619
vt -0.000782 0.991619
vt -0.000782 0.011317
vt 0.125000 0.500000
vt 0.375000 0.500000
vt 0.375000 0.750000
vt 0.125000 0.750000
s 0
usemtl Material.029
f 109/149/56 110/150/56 112/151/56 111/152/56
f 111/157/58 115/158/58 113/159/58 109/160/58
usemtl Material
f 113/153/57 114/154/57 110/155/57 109/156/57
o Cube.020
v -7.334799 1.219200 -5.242560
v -7.334799 3.657600 -5.242560
v -7.334799 1.219200 -6.461760
v -4.896399 1.219200 -5.242560
v -4.896399 3.657600 -5.242560
v -4.896399 1.219200 -6.461760
v -4.896399 3.657600 -6.461760
vn 1.0000 -0.0000 -0.0000
vn -0.0000 -0.0000 1.0000
vn -0.0000 -1.0000 -0.0000
vt 0.375000 0.500000
vt 0.625000 0.500000
vt 0.625000 0.750000
vt 0.375000 0.750000
vt 0.998008 -0.008547
vt 0.998001 1.002951
vt 0.005956 1.002944
vt 0.005964 -0.008554
vt 0.125000 0.500000
vt 0.125000 0.750000
s 0
usemtl Material.005
f 121/161/59 122/162/59 120/163/59 119/164/59
f 118/169/61 121/161/61 119/164/61 116/170/61
usemtl Material
f 119/165/60 120/166/60 117/167/60 116/168/60
o Cube.013
v 3.996192 0.905858 -7.518400
v 3.996192 3.905090 -7.518400
v 3.996192 0.905858 -7.548880
v 3.996192 3.905090 -7.548880
v 4.758193 0.905858 -7.518400
v 4.758193 3.905090 -7.518400
v 4.758193 0.905858 -7.548880
v 4.758193 3.905090 -7.548880
vn -1.0000 -0.0000 -0.0000
vn -0.0000 -0.0000 -1.0000
vn 1.0000 -0.0000 -0.0000
vn -0.0000 -0.0000 1.0000
vn -0.0000 -1.0000 -0.0000
vn -0.0000 1.0000 -0.0000
vt 0.375000 0.000000
vt 0.625000 0.000000
vt 0.625000 0.250000
vt 0.375000 0.250000
vt 0.625000 0.500000
vt 0.375000 0.500000
vt 0.625000 0.750000
vt 0.375000 0.750000
vt 0.992916 -0.000104
vt 0.979424 0.994952
vt 0.035082 0.994151
vt 0.048574 -0.000904
vt 0.125000 0.500000
vt 0.125000 0.750000
vt 0.875000 0.500000
vt 0.875000 0.750000
s 0
usemtl Material.005
f 123/171/62 124/172/62 126/173/62 125/174/62
f 125/174/63 126/173/63 130/175/63 129/176/63
f 129/176/64 130/175/64 128/177/64 127/178/64
f 127/179/65 128/180/65 124/181/65 123/182/65
f 125/183/66 129/176/66 127/178/66 123/184/66
f 130/175/67 126/185/67 124/186/67 128/177/67
o Cube.015
v -4.800600 0.896423 -7.493000
v -4.800600 3.895655 -7.493000
v -4.800600 0.896423 -7.523480
v -4.800600 3.895655 -7.523480
v -4.038600 0.896423 -7.493000
v -4.038600 3.895655 -7.493000
v -4.038600 0.896423 -7.523480
v -4.038600 3.895655 -7.523480
vn -1.0000 -0.0000 -0.0000
vn -0.0000 -0.0000 -1.0000
vn 1.0000 -0.0000 -0.0000
vn -0.0000 -0.0000 1.0000
vn -0.0000 -1.0000 -0.0000
vn -0.0000 1.0000 -0.0000
vt 0.375000 0.000000
vt 0.625000 0.000000
vt 0.625000 0.250000
vt 0.375000 0.250000
vt 0.625000 0.500000
vt 0.375000 0.500000
vt 0.625000 0.750000
vt 0.375000 0.750000
vt 0.992572 0.022152
vt 0.992572 0.989612
vt -0.002415 0.989613
vt -0.002415 0.022152
vt 0.125000 0.500000
vt 0.125000 0.750000
vt 0.875000 0.500000
vt 0.875000 0.750000
s 0
usemtl Material.008
f 131/187/68 132/188/68 134/189/68 133/190/68
f 133/190/69 134/189/69 138/191/69 137/192/69
f 137/192/70 138/191/70 136/193/70 135/194/70
f 135/195/71 136/196/71 132/197/71 131/198/71
f 133/199/72 137/192/72 135/194/72 131/200/72
f 138/191/73 134/201/73 132/202/73 136/193/73
o Raining_lights_carpet
v -7.596298 -0.047625 26.042494
v 7.820584 -0.047625 26.042517
v -7.596284 -0.047625 -10.371941
v 7.820598 -0.047625 -10.371914
v -7.596298 -0.074295 26.042490
v 7.820584 -0.074295 26.042517
v -7.596284 -0.074295 -10.371941
v 7.820598 -0.074295 -10.371914
v -7.620016 -0.046990 -5.176399
v -7.620018 -0.046990 -0.010449
v -7.620020 -0.046990 5.214691
v -7.620021 -0.046990 10.439831
v -7.620023 -0.046990 15.664971
v -7.620025 -0.046990 20.841602
v 7.839489 -0.046990 20.841633
v 7.839492 -0.046990 15.664997
v 7.839494 -0.046990 10.439857
v 7.839495 -0.046990 5.214718
v 7.839497 -0.046990 -0.010423
v 7.839499 -0.046990 -5.176371
v -7.620016 -0.074930 -5.176399
v -7.620018 -0.074930 -0.010448
v -7.620020 -0.074930 5.214691
v -7.620021 -0.074930 10.439831
v -7.620023 -0.074930 15.664971
v -7.620025 -0.074930 20.841602
v 7.839489 -0.074930 20.841633
v 7.839492 -0.074930 15.664997
v 7.839494 -0.074930 10.439857
v 7.839495 -0.074930 5.214718
v 7.839497 -0.074930 -0.010421
v 7.839499 -0.074930 -5.176371
v -3.733831 -0.046990 26.066748
v 0.104904 -0.046990 26.066755
v 3.953292 -0.046990 26.066763
v 3.953305 -0.046990 -10.401516
v 0.104917 -0.046990 -10.401525
v -3.733819 -0.046990 -10.401531
v -3.733831 -0.074930 26.066748
v 0.104904 -0.074930 26.066755
v 3.953292 -0.074930 26.066763
v 3.953305 -0.074930 -10.401516
v 0.104917 -0.074930 -10.401525
v -3.733819 -0.074930 -10.401531
v -3.733830 -0.076200 20.841610
v 0.104906 -0.076200 20.841618
v 3.953294 -0.076200 20.841625
v -3.733828 -0.076200 15.664978
v 0.104908 -0.076200 15.664984
v 3.953296 -0.076200 15.664991
v -3.733826 -0.076200 10.439837
v 0.104910 -0.076200 10.439844
v 3.953298 -0.076200 10.439851
v -3.733824 -0.076200 5.214698
v 0.104912 -0.076200 5.214705
v 3.953300 -0.076200 5.214711
v -3.733822 -0.076200 -0.010442
v 0.104913 -0.076200 -0.010435
v 3.953302 -0.076200 -0.010428
v -3.733820 -0.076200 -5.176392
v 0.104915 -0.076200 -5.176384
v 3.953304 -0.076200 -5.176378
v 3.953294 -0.045720 20.841625
v 0.104906 -0.045720 20.841618
v -3.733830 -0.045720 20.841610
v 3.953296 -0.045720 15.664991
v 0.104908 -0.045720 15.664984
v -3.733828 -0.045720 15.664978
v 3.953298 -0.045720 10.439851
v 0.104910 -0.045720 10.439844
v -3.733826 -0.045720 10.439837
v 3.953300 -0.045720 5.214711
v 0.104912 -0.045720 5.214705
v -3.733824 -0.045720 5.214698
v 3.953302 -0.045720 -0.010429
v 0.104913 -0.045720 -0.010436
v -3.733822 -0.045720 -0.010443
v 3.953304 -0.045720 -5.176378
v 0.104915 -0.045720 -5.176384
v -3.733820 -0.045720 -5.176392
v -7.620028 -0.046990 25.050367
v -7.620028 -0.074930 25.050367
v 7.839489 -0.046990 25.050392
v 7.839489 -0.074930 25.050392
v -3.733831 -0.045720 25.050373
v 0.104904 -0.045720 25.050381
v 3.953292 -0.045720 25.050388
v -3.733831 -0.076200 25.050373
v 0.104904 -0.076200 25.050381
v 3.953292 -0.076200 25.050388
v 7.839501 -0.046990 -9.353081
v 7.839501 -0.074930 -9.353079
v -7.620016 -0.046990 -9.353106
v -7.620014 -0.074930 -9.353106
v -3.733819 -0.076200 -9.353100
v 0.104917 -0.076200 -9.353092
v 3.953305 -0.076200 -9.353085
v -3.733819 -0.045720 -9.353102
v 0.104917 -0.045720 -9.353094
v 3.953305 -0.045720 -9.353086
v 7.078365 -0.046990 26.066767
v 7.078365 -0.074930 26.066767
v 7.078367 -0.076200 20.841629
v 7.078369 -0.076200 15.664996
v 7.078371 -0.076200 10.439857
v 7.078372 -0.076200 5.214717
v 7.078374 -0.076200 -0.010423
v 7.078376 -0.076200 -5.176373
v 7.078379 -0.046990 -10.401514
v 7.078379 -0.074930 -10.401514
v 7.078367 -0.045720 20.841629
v 7.078369 -0.045720 15.664996
v 7.078371 -0.045720 10.439857
v 7.078372 -0.045720 5.214717
v 7.078374 -0.045720 -0.010424
v 7.078376 -0.045720 -5.176373
v 7.078365 -0.045720 25.050390
v 7.078365 -0.076200 25.050390
v 7.078378 -0.076200 -9.353081
v 7.078378 -0.045720 -9.353083
v -6.829933 -0.046990 -10.401535
v -6.829933 -0.074930 -10.401535
v -6.829945 -0.045720 20.841606
v -6.829942 -0.045720 15.664972
v -6.829941 -0.045720 10.439832
v -6.829939 -0.045720 5.214692
v -6.829937 -0.045720 -0.010448
v -6.829936 -0.045720 -5.176396
v -6.829946 -0.046990 26.066746
v -6.829947 -0.074930 26.066744
v -6.829945 -0.076200 20.841606
v -6.829942 -0.076200 15.664972
v -6.829941 -0.076200 10.439833
v -6.829939 -0.076200 5.214692
v -6.829937 -0.076200 -0.010447
v -6.829936 -0.076200 -5.176396
v -6.829946 -0.076200 25.050369
v -6.829946 -0.045720 25.050369
v -6.829934 -0.045720 -9.353106
v -6.829934 -0.076200 -9.353104
v 3.953292 -0.068580 26.115269
v 3.953293 -0.060960 26.115269
v 3.953292 -0.053340 26.115269
v 3.953305 -0.068580 -10.460707
v 3.953305 -0.060960 -10.460707
v 3.953305 -0.053340 -10.460707
v 0.104917 -0.068580 -10.460712
v 0.104917 -0.060960 -10.460712
v 0.104917 -0.053340 -10.460712
v -3.733819 -0.068580 -10.460720
v -3.733819 -0.060960 -10.460720
v -3.733819 -0.053340 -10.460720
v -7.667477 -0.068580 -5.176396
v -7.667477 -0.060960 -5.176396
v -7.667477 -0.053340 -5.176399
v -7.667479 -0.068580 -0.010448
v -7.667479 -0.060960 -0.010448
v -7.667479 -0.053340 -0.010448
v -7.667480 -0.068580 5.214691
v -7.667480 -0.060960 5.214691
v -7.667480 -0.053340 5.214691
v -7.667482 -0.068580 10.439831
v -7.667482 -0.060960 10.439831
v -7.667482 -0.053340 10.439830
v -7.667484 -0.068580 15.664968
v -7.667484 -0.060960 15.664971
v -7.667484 -0.053340 15.664971
v -7.667486 -0.068580 20.841602
v -7.667486 -0.060960 20.841602
v -7.667486 -0.053340 20.841602
v 7.877297 -0.068580 20.841631
v 7.877297 -0.060960 20.841631
v 7.877297 -0.053340 20.841633
v 7.877300 -0.068580 15.664997
v 7.877300 -0.060960 15.664997
v 7.877300 -0.053340 15.664996
v 7.877301 -0.068580 10.439857
v 7.877301 -0.060960 10.439857
v 7.877301 -0.053340 10.439857
v 7.877303 -0.068580 5.214718
v 7.877303 -0.060960 5.214718
v 7.877303 -0.053340 5.214719
v 7.877305 -0.068580 -0.010420
v 7.877305 -0.060960 -0.010423
v 7.877305 -0.053340 -0.010423
v 7.877307 -0.068580 -5.176367
v 7.877307 -0.060960 -5.176370
v 7.877307 -0.053340 -5.176367
v 7.839501 -0.068580 -10.401510
v 7.839501 -0.060960 -10.401512
v 7.839501 -0.053340 -10.401510
v -7.620014 -0.068580 -10.401537
v -7.620013 -0.060960 -10.401537
v -7.620015 -0.053340 -10.401537
v 7.839489 -0.068580 26.066769
v 7.839487 -0.060960 26.066769
v 7.839489 -0.053340 26.066769
v -7.620028 -0.068580 26.066744
v -7.620028 -0.060960 26.066744
v -7.620028 -0.053340 26.066744
v 0.104904 -0.053340 26.115261
v 0.104904 -0.060960 26.115261
v 0.104904 -0.068580 26.115261
v -3.733831 -0.053340 26.115255
v -3.733831 -0.060960 26.115255
v -3.733831 -0.068580 26.115255
v -7.667488 -0.053340 25.050369
v -7.667488 -0.060960 25.050367
v -7.667488 -0.068580 25.050369
v 7.877296 -0.053340 25.050392
v 7.877296 -0.060960 25.050392
v 7.877296 -0.068580 25.050392
v 7.877308 -0.053340 -9.353081
v 7.877308 -0.060960 -9.353079
v 7.877308 -0.068580 -9.353081
v -7.667475 -0.053340 -9.353106
v -7.667475 -0.060960 -9.353107
v -7.667475 -0.068580 -9.353104
v 7.078365 -0.053340 26.115273
v 7.078364 -0.060960 26.115273
v 7.078365 -0.068580 26.115273
v 7.078378 -0.053340 -10.460701
v 7.078378 -0.060960 -10.460701
v 7.078378 -0.068580 -10.460701
v -6.829933 -0.053340 -10.460724
v -6.829933 -0.060960 -10.460724
v -6.829933 -0.068580 -10.460724
v -6.829946 -0.053340 26.115250
v -6.829946 -0.060960 26.115250
v -6.829946 -0.068580 26.115250
v -7.615963 -0.047099 25.863792
v 7.685185 -0.047099 26.062616
v 7.836264 -0.047099 -10.177835
v -7.446987 -0.047099 -10.396467
v -7.615963 -0.074821 25.863792
v 7.685186 -0.074821 26.062613
v 7.836263 -0.074821 -10.177835
v -7.446987 -0.074821 -10.396467
v 3.953305 -0.049689 -10.453308
v -7.620015 -0.046990 -7.569127
v -7.620018 -0.046990 -2.615620
v -7.620019 -0.046990 2.602121
v -7.620021 -0.046990 7.827260
v -7.620023 -0.046990 13.052401
v -7.620024 -0.046990 18.271477
v 7.839489 -0.046990 23.254395
v 7.839491 -0.046990 18.271503
v 7.839492 -0.046990 13.052427
v 7.839495 -0.046990 7.827288
v 7.839497 -0.046990 2.602149
v 7.839498 -0.046990 -2.615592
v -7.620016 -0.074930 -7.569127
v -7.620018 -0.074930 -2.615621
v -7.620020 -0.074930 2.602121
v -7.620022 -0.074930 7.827260
v -7.620023 -0.074930 13.052401
v -7.620025 -0.074930 18.271477
v 7.839489 -0.074930 23.254395
v 7.839491 -0.074930 18.271503
v 7.839492 -0.074930 13.052427
v 7.839495 -0.074930 7.827288
v 7.839497 -0.074930 2.602148
v 7.839498 -0.074930 -2.615592
v -3.733819 -0.049689 -10.453323
v -7.661546 -0.049689 -0.010448
v -7.661550 -0.049689 10.439831
v -7.661554 -0.049689 20.841604
v 7.687638 -0.076041 20.841633
v 7.687640 -0.076041 15.664997
v 7.687642 -0.076041 10.439857
v 7.687643 -0.076041 5.214718
v 7.687645 -0.076041 -0.010423
v 7.687647 -0.076041 -5.176371
v -7.450075 -0.045879 20.841602
v -7.450072 -0.045879 15.664968
v -7.450070 -0.045879 10.439831
v -7.450069 -0.045879 5.214691
v -7.450067 -0.045879 -0.010448
v -7.450065 -0.045879 -5.176399
v -5.506979 -0.046990 26.066748
v -1.832261 -0.046990 26.066755
v 2.043276 -0.046990 26.066759
v 5.744552 -0.046990 -10.401514
v 2.043289 -0.046990 -10.401522
v -1.832248 -0.046990 -10.401527
v -5.506979 -0.074930 26.066748
v -1.832261 -0.074930 26.066755
v 2.043276 -0.074930 26.066759
v 5.744552 -0.074930 -10.401514
v 2.043289 -0.074930 -10.401522
v -1.832248 -0.074930 -10.401527
v -5.506977 -0.076200 20.841608
v -1.832260 -0.076200 20.841614
v 2.043278 -0.076200 20.841621
v -5.506975 -0.076200 15.664972
v -1.832258 -0.076200 15.664981
v 2.043280 -0.076200 15.664987
v -5.506973 -0.076200 10.439835
v -1.832256 -0.076200 10.439840
v 2.043282 -0.076200 10.439848
v -5.506971 -0.076200 5.214695
v -1.832254 -0.076200 5.214701
v 2.043284 -0.076200 5.214708
v -5.506969 -0.076200 -0.010446
v -1.832252 -0.076200 -0.010439
v 2.043285 -0.076200 -0.010433
v -5.506967 -0.076200 -5.176394
v -1.832250 -0.076200 -5.176389
v 2.043287 -0.076200 -5.176382
v 5.744540 -0.045720 20.841625
v 2.043278 -0.045720 20.841621
v -1.832260 -0.045720 20.841614
v 5.744542 -0.045720 15.664993
v 2.043280 -0.045720 15.664987
v -1.832258 -0.045720 15.664980
v 5.744545 -0.045720 10.439854
v 2.043282 -0.045720 10.439848
v -1.832256 -0.045720 10.439840
v 5.744545 -0.045720 5.214714
v 2.043284 -0.045720 5.214708
v -1.832254 -0.045720 5.214701
v 5.744547 -0.045720 -0.010424
v 2.043285 -0.045720 -0.010432
v -1.832252 -0.045720 -0.010438
v 5.744549 -0.045720 -5.176376
v 2.043287 -0.045720 -5.176382
v -1.832250 -0.045720 -5.176390
v -3.733821 -0.045720 -2.615613
v 0.104914 -0.045720 -2.615607
v 3.953302 -0.045720 -2.615600
v -3.733823 -0.045720 2.602128
v 0.104912 -0.045720 2.602135
v 3.953300 -0.045720 2.602142
v -3.733825 -0.045720 7.827268
v 0.104911 -0.045720 7.827274
v 3.953299 -0.045720 7.827281
v -3.733827 -0.045720 13.052406
v 0.104909 -0.045720 13.052414
v 3.953297 -0.045720 13.052422
v -3.733828 -0.045720 18.271484
v 0.104907 -0.045720 18.271492
v 3.953296 -0.045720 18.271496
v -3.733830 -0.045720 23.254375
v 0.104905 -0.045720 23.254381
v 3.953294 -0.045720 23.254387
v -3.733821 -0.076200 -2.615613
v 0.104914 -0.076200 -2.615607
v 3.953302 -0.076200 -2.615600
v -3.733823 -0.076200 2.602127
v 0.104912 -0.076200 2.602135
v 3.953300 -0.076200 2.602142
v -3.733825 -0.076200 7.827268
v 0.104911 -0.076200 7.827274
v 3.953299 -0.076200 7.827281
v -3.733827 -0.076200 13.052406
v 0.104909 -0.076200 13.052414
v 3.953297 -0.076200 13.052422
v -3.733828 -0.076200 18.271484
v 0.104907 -0.076200 18.271492
v 3.953296 -0.076200 18.271496
v -3.733832 -0.076041 25.866943
v 0.104904 -0.076041 25.866953
v 3.953292 -0.076041 25.866961
v 7.872574 -0.049689 15.664996
v 7.872578 -0.049689 5.214718
v -3.733820 -0.076200 -7.569118
v 0.104916 -0.076200 -7.569113
v 3.953304 -0.076200 -7.569107
v -3.733818 -0.045879 -10.181690
v 0.104917 -0.045879 -10.181684
v 3.953306 -0.045879 -10.181677
v -7.620027 -0.046990 23.254368
v -7.620028 -0.074930 23.254368
v 7.836250 -0.047099 25.863817
v 7.836251 -0.074821 25.863817
v -3.733832 -0.045879 25.866943
v 0.104904 -0.045879 25.866953
v 3.953292 -0.045879 25.866961
v -3.733830 -0.076200 23.254375
v 0.104905 -0.076200 23.254381
v 3.953294 -0.076200 23.254387
v 2.043277 -0.076200 25.050385
v -1.832261 -0.076200 25.050379
v -5.506979 -0.076200 25.050373
v 2.043277 -0.045720 25.050385
v -1.832261 -0.045720 25.050379
v -7.450076 -0.045879 25.050367
v 5.744539 -0.045720 25.050392
v 7.687637 -0.076041 25.050394
v 7.872581 -0.049689 -5.176372
v 7.839501 -0.046990 -7.569098
v 7.839501 -0.074930 -7.569099
v -7.615950 -0.047099 -10.177858
v -7.615950 -0.074821 -10.177860
v -3.733818 -0.076041 -10.181690
v 0.104917 -0.076041 -10.181684
v 3.953306 -0.076041 -10.181677
v -3.733820 -0.045720 -7.569118
v 0.104916 -0.045720 -7.569112
v 3.953304 -0.045720 -7.569106
v 2.043289 -0.045720 -9.353088
v -1.832249 -0.045720 -9.353094
v -7.450064 -0.045879 -9.353106
v 2.043289 -0.076200 -9.353092
v -1.832249 -0.076200 -9.353096
v -5.506967 -0.076200 -9.353106
v 7.687649 -0.076041 -9.353081
v 5.744551 -0.045720 -9.353083
v 5.744538 -0.046990 26.066767
v 5.744538 -0.074930 26.066767
v 5.744540 -0.076200 20.841629
v 5.744542 -0.076200 15.664993
v 5.744545 -0.076200 10.439854
v 5.744545 -0.076200 5.214714
v 5.744547 -0.076200 -0.010426
v 5.744549 -0.076200 -5.176374
v 7.685198 -0.047099 -10.396441
v 7.685199 -0.074821 -10.396441
v 7.687638 -0.045879 20.841631
v 7.687640 -0.045879 15.664996
v 7.687642 -0.045879 10.439857
v 7.687643 -0.045879 5.214718
v 7.687645 -0.045879 -0.010421
v 7.687647 -0.045879 -5.176372
v 7.687637 -0.045879 25.050394
v 5.744539 -0.076200 25.050392
v 5.744551 -0.076200 -9.353083
v 7.687649 -0.045879 -9.353081
v 7.078378 -0.045720 -7.569100
v 7.078378 -0.076200 -7.569100
v 7.078365 -0.076041 25.866962
v 7.078365 -0.045879 25.866962
v -7.615948 -0.049771 -10.396467
v 7.078375 -0.045720 -2.615595
v 7.078373 -0.045720 2.602147
v 7.078372 -0.045720 7.827287
v 7.078370 -0.045720 13.052426
v 7.078368 -0.045720 18.271503
v 7.078365 -0.045720 23.254395
v 7.078375 -0.076200 -2.615595
v 7.078373 -0.076200 2.602147
v 7.078372 -0.076200 7.827287
v 7.078370 -0.076200 13.052426
v 7.078368 -0.076200 18.271503
v 7.078365 -0.076200 23.254395
v 7.078378 -0.076041 -10.181671
v 7.078378 -0.045879 -10.181671
v -5.506966 -0.046990 -10.401535
v -5.506966 -0.074930 -10.401535
v -5.506977 -0.045720 20.841606
v -5.506975 -0.045720 15.664972
v -5.506973 -0.045720 10.439835
v -5.506971 -0.045720 5.214695
v -5.506969 -0.045720 -0.010445
v -5.506967 -0.045720 -5.176395
v -7.447001 -0.047099 26.062590
v -7.447001 -0.074821 26.062590
v -7.450075 -0.076041 20.841602
v -7.450072 -0.076041 15.664970
v -7.450070 -0.076041 10.439831
v -7.450069 -0.076041 5.214691
v -7.450067 -0.076041 -0.010449
v -7.450065 -0.076041 -5.176399
v -7.450076 -0.076041 25.050367
v -5.506979 -0.045720 25.050373
v -5.506967 -0.045720 -9.353102
v -7.450064 -0.076041 -9.353107
v -6.829934 -0.076200 -7.569125
v -6.829934 -0.045720 -7.569124
v -6.829946 -0.045879 25.866940
v -6.829946 -0.076041 25.866940
v -6.829934 -0.045879 -10.181694
v -6.829934 -0.076041 -10.181694
v -6.829946 -0.076200 23.254370
v -6.829944 -0.076200 18.271477
v -6.829942 -0.076200 13.052402
v -6.829940 -0.076200 7.827262
v -6.829938 -0.076200 2.602122
v -6.829937 -0.076200 -2.615619
v -6.829946 -0.045720 23.254370
v -6.829944 -0.045720 18.271477
v -6.829942 -0.045720 13.052402
v -6.829940 -0.045720 7.827262
v -6.829938 -0.045720 2.602122
v -6.829937 -0.045720 -2.615619
v -7.615963 -0.049771 26.062590
v -7.615963 -0.072149 26.062590
v 3.953293 -0.049689 26.109207
v 7.836250 -0.072149 26.062616
v -7.615950 -0.072149 -10.396467
v 7.836264 -0.072149 -10.396441
v 0.104917 -0.049689 -10.453316
v 7.872581 -0.072231 -5.176372
v 7.872579 -0.072231 -0.010421
v 7.872578 -0.072231 5.214718
v -7.661544 -0.049689 -5.176396
v 7.872576 -0.072231 10.439857
v 7.872574 -0.072231 15.664996
v 7.872572 -0.072231 20.841631
v -7.661549 -0.049689 5.214691
v -7.661554 -0.072231 20.841604
v -7.661552 -0.072231 15.664970
v -7.661551 -0.072231 10.439831
v -7.661552 -0.049689 15.664970
v -7.661549 -0.072231 5.214691
v -7.661547 -0.072231 -0.010448
v -7.661545 -0.072231 -5.176396
v 7.872572 -0.049689 20.841631
v -3.733819 -0.072231 -10.453323
v 0.104917 -0.072231 -10.453316
v 3.953305 -0.072231 -10.453308
v 7.872576 -0.049689 10.439857
v 3.953293 -0.072231 26.109207
v 0.104904 -0.072231 26.109200
v -3.733831 -0.072231 26.109192
v 7.872579 -0.049689 -0.010421
v -7.661555 -0.072231 25.050369
v 7.872571 -0.072231 25.050394
v 7.872583 -0.072231 -9.353081
v 7.836264 -0.049771 -10.396442
v -7.661543 -0.072231 -9.353107
v 7.078365 -0.072231 26.109209
v 7.078379 -0.072231 -10.453304
v 7.836250 -0.049771 26.062613
v -6.829933 -0.072231 -10.453327
v -6.829947 -0.072231 26.109188
v 7.877299 -0.068580 18.271503
v 7.877299 -0.060960 18.271503
v 7.877299 -0.053340 18.271503
v 7.877300 -0.068580 13.052427
v 7.877300 -0.060960 13.052427
v 7.877300 -0.053340 13.052427
v 7.877302 -0.068580 7.827288
v 7.877302 -0.060960 7.827288
v 7.877303 -0.053340 7.827288
v 7.877304 -0.068580 2.602148
v 7.877304 -0.060960 2.602149
v 7.877304 -0.053340 2.602148
v 7.877306 -0.068580 -2.615591
v 7.877306 -0.060960 -2.615592
v 7.877306 -0.053340 -2.615592
v 7.877308 -0.068580 -7.569098
v 7.877308 -0.060960 -7.569098
v 7.877308 -0.053340 -7.569097
v 7.687650 -0.068580 -10.453300
v 7.687649 -0.060960 -10.453304
v 7.687650 -0.053340 -10.453300
v 7.872571 -0.068580 25.866964
v 7.872571 -0.060960 25.866964
v 7.872571 -0.053340 25.866964
v -7.450076 -0.068580 26.109186
v -7.450077 -0.060960 26.109186
v -7.450076 -0.053340 26.109186
v -7.661543 -0.068580 -10.181696
v -7.661543 -0.060960 -10.181696
v -7.661543 -0.053340 -10.181696
v -6.829946 -0.049689 26.109188
v -6.829933 -0.049689 -10.453327
v 7.078378 -0.049689 -10.453302
v 7.078365 -0.049689 26.109209
v -7.661543 -0.049689 -9.353106
v 7.872583 -0.049689 -9.353079
v 7.872571 -0.049689 25.050392
v -7.661555 -0.049689 25.050367
v -3.733831 -0.049689 26.109192
v 0.104904 -0.049689 26.109200
v -7.667488 -0.053340 23.254366
v -7.667488 -0.060960 23.254364
v -7.667488 -0.068580 23.254366
v -7.667486 -0.053340 18.271477
v -7.667485 -0.060960 18.271477
v -7.667485 -0.068580 18.271473
v -7.667483 -0.053340 13.052401
v -7.667483 -0.060960 13.052401
v -7.667483 -0.068580 13.052401
v -7.667482 -0.053340 7.827260
v -7.667481 -0.060960 7.827260
v -7.667481 -0.068580 7.827260
v -7.667480 -0.053340 2.602121
v -7.667480 -0.060960 2.602121
v -7.667480 -0.068580 2.602121
v -7.667479 -0.053340 -2.615620
v -7.667478 -0.060960 -2.615621
v -7.667478 -0.068580 -2.615621
v -5.506964 -0.053340 -10.460722
v -5.506964 -0.060960 -10.460722
v -5.506964 -0.068580 -10.460722
v -1.832248 -0.053340 -10.460716
v -1.832248 -0.060960 -10.460714
v -1.832248 -0.068580 -10.460714
v 2.043289 -0.053340 -10.460711
v 2.043289 -0.060960 -10.460711
v 2.043289 -0.068580 -10.460711
v 5.744538 -0.053340 26.115273
v 5.744538 -0.060960 26.115271
v 5.744538 -0.068580 26.115273
v 2.043276 -0.053340 26.115265
v 2.043276 -0.060960 26.115263
v 2.043276 -0.068580 26.115265
v -1.832261 -0.053340 26.115259
v -1.832262 -0.060960 26.115259
v -1.832261 -0.068580 26.115259
v -7.661555 -0.053340 25.866938
v -7.661556 -0.060960 25.866940
v -7.661555 -0.068580 25.866938
v 7.877297 -0.053340 23.254395
v 7.877296 -0.060960 23.254395
v 7.877297 -0.068580 23.254395
v 7.872583 -0.053340 -10.181669
v 7.872583 -0.060960 -10.181669
v 7.872583 -0.068580 -10.181669
v -7.667477 -0.053340 -7.569127
v -7.667475 -0.060960 -7.569127
v -7.667477 -0.068580 -7.569127
v 7.687636 -0.053340 26.109211
v 7.687635 -0.060960 26.109211
v 7.687636 -0.068580 26.109211
v 5.744552 -0.053340 -10.460705
v 5.744552 -0.060960 -10.460703
v 5.744552 -0.068580 -10.460705
v -7.450063 -0.053340 -10.453327
v -7.450063 -0.060960 -10.453331
v -7.450063 -0.068580 -10.453327
v -5.506979 -0.053340 26.115253
v -5.506979 -0.060960 26.115252
v -5.506979 -0.068580 26.115253
v 7.687037 -0.046032 -10.180712
v 7.687036 -0.075888 -10.180712
v -7.655830 -0.049709 -10.180737
v -7.449307 -0.049709 26.103350
v 7.687037 -0.049709 -10.446177
v 7.872581 -0.049689 -2.615590
v 7.872578 -0.049689 7.827288
v 7.872574 -0.049689 18.271503
v 7.687637 -0.076041 23.254396
v 7.687639 -0.076041 18.271505
v 7.687641 -0.076041 13.052427
v 7.687643 -0.076041 7.827288
v 7.687644 -0.076041 2.602148
v 7.687646 -0.076041 -2.615591
v 7.687637 -0.045879 23.254395
v 7.687639 -0.045879 18.271503
v 7.687641 -0.045879 13.052426
v 7.687643 -0.045879 7.827288
v 7.687644 -0.045879 2.602148
v 7.687646 -0.045879 -2.615590
v -5.506968 -0.045720 -2.615615
v -1.832251 -0.045720 -2.615607
v 2.043287 -0.045720 -2.615601
v -5.506970 -0.045720 2.602125
v -1.832253 -0.045720 2.602132
v 2.043285 -0.045720 2.602138
v -5.506971 -0.045720 7.827264
v -1.832255 -0.045720 7.827271
v 2.043283 -0.045720 7.827278
v -5.506974 -0.045720 13.052403
v -1.832257 -0.045720 13.052410
v 2.043281 -0.045720 13.052416
v -5.506975 -0.045720 18.271481
v -1.832259 -0.045720 18.271488
v 2.043279 -0.045720 18.271494
v -5.506978 -0.045720 23.254372
v -1.832260 -0.045720 23.254379
v 2.043278 -0.045720 23.254385
v -5.506968 -0.076200 -2.615615
v -1.832251 -0.076200 -2.615609
v 2.043287 -0.076200 -2.615602
v -5.506970 -0.076200 2.602125
v -1.832253 -0.076200 2.602132
v 2.043285 -0.076200 2.602138
v -5.506971 -0.076200 7.827264
v -1.832255 -0.076200 7.827271
v 2.043283 -0.076200 7.827278
v -5.506974 -0.076200 13.052404
v -1.832257 -0.076200 13.052411
v 2.043281 -0.076200 13.052418
v -5.506975 -0.076200 18.271481
v -1.832258 -0.076200 18.271488
v 2.043279 -0.076200 18.271496
v -5.506978 -0.076200 23.254372
v -1.832260 -0.076200 23.254379
v 2.043278 -0.076200 23.254387
v -7.661554 -0.049689 18.271477
v -7.661551 -0.049689 7.827260
v -5.506966 -0.076041 -10.181694
v -1.832248 -0.076041 -10.181686
v 2.043289 -0.076041 -10.181681
v -5.506966 -0.045879 -10.181694
v -1.832248 -0.045879 -10.181688
v 2.043289 -0.045879 -10.181683
v 2.043276 -0.076041 25.866951
v -1.832261 -0.076041 25.866947
v -5.506978 -0.076041 25.866940
v 2.043276 -0.045879 25.866951
v -1.832261 -0.045879 25.866947
v -5.506978 -0.045879 25.866940
v 7.687023 -0.046032 25.866175
v 7.687023 -0.075888 25.866179
v -7.661547 -0.049689 -2.615621
v 2.043288 -0.045720 -7.569109
v -1.832250 -0.045720 -7.569116
v -5.506966 -0.045720 -7.569121
v 2.043288 -0.076200 -7.569109
v -1.832249 -0.076200 -7.569118
v -5.506966 -0.076200 -7.569123
v 7.687649 -0.076041 -7.569099
v 7.687649 -0.045879 -7.569098
v 5.744550 -0.045720 -7.569102
v 5.744551 -0.076200 -7.569103
v 5.744538 -0.076041 25.866961
v 5.744538 -0.045879 25.866961
v -1.832248 -0.049689 -10.453318
v 5.744547 -0.045720 -2.615595
v 5.744546 -0.045720 2.602145
v 5.744545 -0.045720 7.827284
v 5.744542 -0.045720 13.052423
v 5.744541 -0.045720 18.271500
v 5.744538 -0.045720 23.254391
v 5.744548 -0.076200 -2.615596
v 5.744546 -0.076200 2.602145
v 5.744545 -0.076200 7.827284
v 5.744543 -0.076200 13.052424
v 5.744541 -0.076200 18.271502
v 5.744539 -0.076200 23.254391
v 5.744551 -0.076041 -10.181673
v 5.744550 -0.045879 -10.181677
v -7.450064 -0.076041 -7.569127
v -7.450064 -0.045879 -7.569127
v -7.449307 -0.046032 25.866148
v -7.449307 -0.075888 25.866150
v -7.449295 -0.046032 -10.180737
v -7.449295 -0.075888 -10.180737
v -7.450076 -0.076041 23.254368
v -7.450073 -0.076041 18.271477
v -7.450072 -0.076041 13.052401
v -7.450069 -0.076041 7.827261
v -7.450068 -0.076041 2.602121
v -7.450067 -0.076041 -2.615620
v -7.450076 -0.045879 23.254368
v -7.450073 -0.045879 18.271477
v -7.450072 -0.045879 13.052401
v -7.450069 -0.045879 7.827261
v -7.450068 -0.045879 2.602121
v -7.450067 -0.045879 -2.615620
v 5.744538 -0.049689 26.109211
v -5.506979 -0.072231 26.109192
v 2.043276 -0.049689 26.109205
v -7.449295 -0.072211 -10.446203
v 5.744551 -0.072231 -10.453304
v 7.687023 -0.072211 26.103373
v 2.043289 -0.049689 -10.453312
v -7.661545 -0.072231 -7.569130
v 7.868032 -0.072211 -10.180712
v 7.872571 -0.072231 23.254395
v -5.506966 -0.049689 -10.453325
v -7.655843 -0.072211 25.866152
v -1.832261 -0.072231 26.109198
v 2.043276 -0.072231 26.109203
v -7.661548 -0.049689 2.602122
v 5.744538 -0.072231 26.109211
v 2.043289 -0.072231 -10.453310
v -1.832248 -0.072231 -10.453316
v -7.661553 -0.049689 13.052401
v -5.506966 -0.072231 -10.453323
v -7.661547 -0.072231 -2.615621
v -7.661548 -0.072231 2.602122
v -7.661557 -0.049689 23.254368
v -7.661551 -0.072231 7.827260
v -7.661553 -0.072231 13.052401
v -7.661554 -0.072231 18.271477
v 7.872575 -0.049689 13.052427
v -7.661557 -0.072231 23.254368
v 7.872574 -0.072231 18.271503
v 7.872575 -0.072231 13.052427
v 7.872579 -0.049689 2.602149
v 7.872578 -0.072231 7.827288
v 7.872579 -0.072231 2.602149
v 7.872581 -0.072231 -2.615590
v 7.872583 -0.049689 -7.569098
v 7.872583 -0.072231 -7.569098
v 7.687037 -0.072211 -10.446178
v 7.868021 -0.072211 25.866175
v 7.868019 -0.049709 25.866175
v -7.449307 -0.072211 26.103350
v -7.655830 -0.072211 -10.180737
v -1.832261 -0.049689 26.109200
v -7.655843 -0.049709 25.866150
v 7.872571 -0.049689 23.254395
v 7.868032 -0.049709 -10.180712
v -7.661545 -0.049689 -7.569130
v 7.687023 -0.049709 26.103374
v 5.744551 -0.049689 -10.453306
v -7.449295 -0.049709 -10.446203
v -5.506979 -0.049689 26.109194
vn -0.0300 0.9990 0.0325
vn 0.0378 0.9988 0.0320
vn -0.0304 0.9992 -0.0272
vn 0.0384 0.9989 -0.0267
vn -0.0300 -0.9990 0.0325
vn 0.0378 -0.9988 0.0320
vn -0.0304 -0.9992 -0.0272
vn 0.0384 -0.9989 -0.0267
vn -0.0352 0.9994 -0.0000
vn 0.0434 0.9991 -0.0000
vn -0.0352 -0.9994 -0.0000
vn 0.0434 -0.9991 -0.0000
vn -0.0000 0.9995 0.0326
vn -0.0000 0.9996 -0.0275
vn -0.0000 -0.9995 0.0326
vn -0.0000 -0.9996 -0.0275
vn -0.0000 -1.0000 -0.0000
vn -0.0000 1.0000 -0.0000
vn -0.0354 0.9994 0.0002
vn -0.0354 -0.9994 0.0002
vn 0.0435 0.9991 0.0002
vn 0.0435 -0.9991 0.0002
vn -0.0000 1.0000 0.0001
vn -0.0000 -1.0000 0.0001
vn 0.0435 0.9991 -0.0002
vn 0.0435 -0.9991 -0.0002
vn -0.0354 0.9994 -0.0002
vn -0.0354 -0.9994 -0.0002
vn -0.0000 -1.0000 -0.0001
vn -0.0000 1.0000 -0.0001
vn 0.0002 0.9995 0.0326
vn 0.0002 -0.9995 0.0326
vn 0.0001 -1.0000 -0.0000
vn 0.0002 0.9996 -0.0275
vn 0.0002 -0.9996 -0.0275
vn 0.0001 1.0000 -0.0000
vn 0.0001 1.0000 0.0001
vn 0.0001 -1.0000 0.0001
vn 0.0001 -1.0000 -0.0001
vn 0.0001 1.0000 -0.0001
vn -0.0002 0.9996 -0.0275
vn -0.0002 -0.9996 -0.0275
vn -0.0001 1.0000 -0.0000
vn -0.0002 0.9995 0.0326
vn -0.0002 -0.9995 0.0326
vn -0.0001 -1.0000 -0.0000
vn -0.0001 -1.0000 0.0001
vn -0.0001 1.0000 0.0001
vn -0.0001 1.0000 -0.0001
vn -0.0001 -1.0000 -0.0001
vn -0.0000 -0.6354 0.7722
vn -0.0000 -0.0000 1.0000
vn -0.0000 0.6353 0.7722
vn -0.0000 -0.7072 -0.7070
vn -0.0000 -0.0000 -1.0000
vn -0.0000 0.7072 -0.7070
vn -0.0000 0.7071 -0.7071
vn -0.0000 -0.7071 -0.7072
vn -0.0000 -0.0001 -1.0000
vn -0.0000 0.7070 -0.7072
vn -0.7872 -0.6167 -0.0000
vn -1.0000 -0.0000 -0.0000
vn -0.7872 0.6168 -0.0000
vn -0.7872 0.6167 -0.0000
vn 0.8453 -0.5343 -0.0000
vn 1.0000 -0.0000 -0.0000
vn 0.8453 0.5343 -0.0000
vn 0.7043 -0.6000 -0.3794
vn 0.8771 -0.0000 -0.4804
vn 0.7043 0.6000 -0.3794
vn -0.6557 -0.6515 -0.3817
vn -0.8576 -0.0000 -0.5143
vn -0.6557 0.6515 -0.3817
vn 0.7114 -0.5757 0.4030
vn 0.8649 -0.0000 0.5020
vn 0.7114 0.5758 0.4030
vn -0.6613 -0.6305 0.4063
vn -0.8431 -0.0000 0.5378
vn -0.6613 0.6306 0.4063
vn -0.0000 0.6353 0.7723
vn -0.0000 0.6354 0.7722
vn -0.7895 0.6137 0.0028
vn -1.0000 -0.0000 0.0036
vn -0.7896 -0.6137 0.0028
vn 0.8471 0.5314 0.0024
vn 1.0000 -0.0000 0.0029
vn 0.8472 -0.5313 0.0024
vn 0.8471 0.5314 -0.0024
vn 1.0000 -0.0000 -0.0029
vn 0.8471 -0.5314 -0.0024
vn -0.7895 0.6137 -0.0028
vn -1.0000 -0.0000 -0.0036
vn -0.7895 -0.6137 -0.0028
vn 0.0038 0.6326 0.7745
vn 0.0050 -0.0000 1.0000
vn 0.0038 -0.6325 0.7745
vn 0.0043 0.7045 -0.7097
vn 0.0061 -0.0000 -1.0000
vn 0.0043 -0.7044 -0.7098
vn -0.0042 0.7045 -0.7097
vn -0.0060 -0.0000 -1.0000
vn -0.0042 -0.7045 -0.7097
vn -0.0038 0.6324 0.7746
vn -0.0049 -0.0000 1.0000
vn -0.0038 -0.6324 0.7746
vn -0.0395 0.9992 0.0048
vn 0.0057 0.9994 0.0347
vn 0.0478 0.9989 -0.0043
vn -0.0052 0.9996 -0.0293
vn -0.0395 -0.9992 0.0048
vn 0.0057 -0.9994 0.0347
vn 0.0477 -0.9989 -0.0043
vn -0.0052 -0.9996 -0.0293
vn -0.0000 0.9904 -0.1380
vn -0.2108 0.9775 -0.0000
vn 0.0038 -1.0000 -0.0000
vn -0.0034 1.0000 -0.0000
vn -0.0000 -1.0000 0.0029
vn 0.2394 0.9709 -0.0000
vn -0.0000 1.0000 -0.0026
vn 0.0481 0.9988 0.0047
vn 0.0481 -0.9988 0.0047
vn -0.0000 1.0000 0.0029
vn -0.0034 1.0000 0.0001
vn 0.0038 -1.0000 0.0001
vn -0.0392 0.9992 -0.0044
vn -0.0392 -0.9992 -0.0044
vn -0.0000 -1.0000 -0.0026
vn -0.0034 1.0000 -0.0001
vn 0.0038 -1.0000 -0.0001
vn 0.0058 0.9995 -0.0295
vn 0.0058 -0.9995 -0.0295
vn 0.0038 1.0000 -0.0000
vn 0.0038 1.0000 0.0001
vn 0.0038 1.0000 -0.0001
vn 0.0001 -1.0000 0.0029
vn 0.0001 1.0000 0.0029
vn -0.1726 0.9792 -0.1071
vn 0.0001 -1.0000 -0.0026
vn 0.0001 1.0000 -0.0026
vn -0.0051 0.9994 0.0345
vn -0.0051 -0.9994 0.0345
vn -0.0034 -1.0000 -0.0000
vn -0.0034 -1.0000 0.0001
vn -0.0034 -1.0000 -0.0001
vn -0.0001 1.0000 0.0029
vn -0.0001 -1.0000 0.0029
vn -0.0001 1.0000 -0.0026
vn -0.0001 -1.0000 -0.0026
vn -0.1726 0.9783 0.1143
vn -0.1726 -0.9783 0.1143
vn -0.0000 0.9878 0.1558
vn 0.1979 -0.9733 0.1167
vn -0.1726 -0.9792 -0.1071
vn 0.1963 -0.9745 -0.1089
vn 0.2394 -0.9709 -0.0000
vn -0.2108 -0.9775 -0.0000
vn -0.0000 -0.9904 -0.1380
vn -0.0000 -0.9878 0.1558
vn -0.2120 -0.9773 0.0008
vn 0.2405 -0.9707 0.0007
vn 0.2405 -0.9707 -0.0007
vn 0.1963 0.9745 -0.1089
vn -0.2120 -0.9773 -0.0008
vn 0.0008 -0.9877 0.1563
vn 0.0008 -0.9904 -0.1384
vn 0.1979 0.9733 0.1167
vn -0.0008 -0.9904 -0.1384
vn -0.0008 -0.9877 0.1563
vn 0.1265 -0.6835 -0.7189
vn 0.1729 -0.0000 -0.9849
vn 0.1265 0.6836 -0.7189
vn 0.8567 -0.5110 0.0706
vn 0.9965 -0.0000 0.0831
vn 0.8566 0.5111 0.0706
vn -0.1018 -0.6156 0.7814
vn -0.1283 -0.0000 0.9917
vn -0.1018 0.6156 0.7814
vn -0.8015 -0.5932 -0.0749
vn -0.9956 -0.0000 -0.0942
vn -0.8015 0.5933 -0.0748
vn -0.0008 0.9877 0.1563
vn -0.0008 0.9904 -0.1384
vn 0.0008 0.9904 -0.1384
vn 0.0008 0.9877 0.1563
vn -0.2120 0.9773 -0.0008
vn 0.2405 0.9707 -0.0007
vn 0.2405 0.9707 0.0007
vn -0.2120 0.9773 0.0008
vn -0.7871 0.6168 -0.0000
vn -0.0000 -0.7071 -0.7071
vn -0.0000 0.7071 -0.7072
vn -0.8026 0.5909 0.0814
vn -0.9947 -0.0000 0.1026
vn -0.8026 -0.5909 0.0814
vn 0.8557 0.5133 -0.0648
vn 0.9971 -0.0000 -0.0761
vn 0.8557 -0.5133 -0.0648
vn 0.1131 0.6127 0.7822
vn 0.1427 -0.0000 0.9898
vn 0.1131 -0.6126 0.7822
vn -0.1138 0.6868 -0.7179
vn -0.1557 -0.0000 -0.9878
vn -0.1138 -0.6868 -0.7179
vn -0.0000 -0.6353 0.7722
vn 0.0034 1.0000 -0.0024
vn 0.0034 -1.0000 -0.0024
vn -0.2302 0.9729 -0.0215
vn -0.0205 0.9861 0.1647
vn 0.0247 0.9889 -0.1468
vn 0.0034 1.0000 0.0026
vn 0.0034 -1.0000 0.0026
vn -0.0031 1.0000 0.0026
vn -0.0031 -1.0000 0.0026
vn -0.0031 1.0000 -0.0024
vn -0.0031 -1.0000 -0.0024
vn -0.0221 -0.9890 -0.1460
vn 0.0228 -0.9860 0.1654
vn 0.2583 -0.9659 -0.0192
vn -0.2317 -0.9725 0.0237
vn 0.0247 -0.9889 -0.1468
vn 0.2597 -0.9655 0.0211
vn 0.2597 0.9655 0.0211
vn -0.0205 -0.9861 0.1647
vn -0.2302 -0.9729 -0.0215
vn -0.2317 0.9725 0.0237
vn 0.2583 0.9659 -0.0192
vn 0.0228 0.9860 0.1654
vn -0.0221 0.9890 -0.1460
vt 0.065109 0.049112
vt 0.027269 0.049175
vt 0.030745 0.029809
vt 0.065058 0.027667
vt 0.018135 0.048616
vt 0.022619 0.029606
vt 0.024363 0.026024
vt 0.030518 0.024829
vt 0.064574 0.022173
vt -0.083605 0.048723
vt -0.083588 0.026998
vt -0.045344 0.027103
vt -0.045190 0.048714
vt -0.083569 0.021233
vt -0.045425 0.021474
vt -0.037078 0.022184
vt -0.035996 0.027153
vt -0.035615 0.048695
vt 0.974072 0.027059
vt 0.974964 0.026615
vt 0.977863 0.030331
vt 0.975775 0.030632
vt 0.975443 0.026287
vt 0.978640 0.030157
vt 0.983588 0.049143
vt 0.982694 0.049211
vt 0.980187 0.049387
vt 0.980161 0.029759
vt 0.985311 0.049007
vt 0.022042 0.972746
vt 0.021106 0.973459
vt 0.017688 0.969626
vt 0.019227 0.969231
vt 0.973828 0.972181
vt 0.974729 0.972540
vt 0.967299 0.974521
vt 0.966942 0.973559
vt 0.975219 0.972863
vt 0.967528 0.975053
vt 0.932259 0.977990
vt 0.932195 0.977405
vt 0.932079 0.976281
vt 0.967961 0.976116
vt 0.968437 0.977227
vt 0.932530 0.980355
vt 0.932392 0.979171
vt 0.022251 0.024511
vt 0.021189 0.023741
vt 0.028985 0.021000
vt 0.029492 0.022100
vt 0.012705 0.950562
vt 0.014416 0.950430
vt 0.008863 0.155436
vt 0.007033 0.155409
vt 0.009507 0.093318
vt 0.011302 0.093372
vt 0.023665 0.025558
vt 0.030170 0.023687
vt 0.023202 0.025228
vt 0.029947 0.023151
vt 0.064376 0.020241
vt 0.064440 0.020835
vt 0.064110 0.017888
vt 0.064245 0.019067
vt 0.004368 0.291435
vt 0.002515 0.291423
vt 0.003614 0.222639
vt 0.005460 0.222656
vt 0.013499 0.048272
vt 0.015220 0.048406
vt 0.005037 0.429822
vt 0.003179 0.429818
vt 0.003625 0.360584
vt 0.005481 0.360592
vt 0.009361 0.291466
vt 0.007158 0.291452
vt 0.008240 0.222681
vt 0.010434 0.222701
vt 0.006221 0.291446
vt 0.007306 0.222673
vt 0.009789 0.155449
vt 0.011964 0.155480
vt 0.005203 0.155382
vt 0.003068 0.568358
vt 0.001210 0.568360
vt 0.001134 0.499088
vt 0.002993 0.499089
vt 0.005899 0.706707
vt 0.004046 0.706717
vt 0.003409 0.637584
vt 0.005265 0.637578
vt 0.008075 0.568351
vt 0.005866 0.568354
vt 0.005791 0.499090
vt 0.008001 0.499091
vt 0.004926 0.568355
vt 0.004851 0.499090
vt 0.005977 0.429824
vt 0.008186 0.429829
vt 0.001321 0.429814
vt 0.006493 0.842920
vt 0.004665 0.842946
vt 0.003182 0.775510
vt 0.005027 0.775495
vt 0.989596 0.843243
vt 0.991423 0.843269
vt 0.989014 0.905765
vt 0.987225 0.905712
vt 0.011416 0.842854
vt 0.009244 0.842883
vt 0.007804 0.775472
vt 0.009997 0.775453
vt 0.008320 0.842896
vt 0.006871 0.775479
vt 0.006836 0.706702
vt 0.009038 0.706690
vt 0.002194 0.706727
vt 0.994065 0.707060
vt 0.995918 0.707071
vt 0.994820 0.775854
vt 0.992975 0.775837
vt -0.083646 0.951430
vt -0.083583 0.904357
vt -0.045138 0.904376
vt -0.045239 0.951438
vt -0.083538 0.841069
vt -0.045087 0.841081
vt -0.035500 0.841084
vt -0.035556 0.904383
vt -0.035667 0.951461
vt -0.083511 0.773630
vt -0.045055 0.773638
vt -0.083492 0.705228
vt -0.045033 0.705233
vt -0.035444 0.705234
vt -0.035466 0.773639
vt -0.083478 0.636663
vt -0.045018 0.636666
vt -0.083470 0.568096
vt -0.045009 0.568098
vt -0.035420 0.568098
vt -0.035429 0.636667
vt -0.083466 0.499528
vt -0.045005 0.499529
vt -0.083466 0.430960
vt -0.045005 0.430960
vt -0.035416 0.430960
vt -0.035416 0.499529
vt -0.083470 0.362393
vt -0.045009 0.362391
vt -0.083478 0.293827
vt -0.045018 0.293823
vt -0.035429 0.293823
vt -0.035420 0.362391
vt -0.083492 0.225457
vt -0.045034 0.225452
vt -0.083514 0.158260
vt -0.045059 0.158251
vt -0.035472 0.158248
vt -0.035445 0.225450
vt 0.064253 0.949860
vt 0.026436 0.949675
vt 0.023005 0.905015
vt 0.061416 0.904418
vt 0.017315 0.950224
vt 0.013642 0.905264
vt 0.020943 0.842725
vt 0.059381 0.842270
vt 0.019608 0.775374
vt 0.058203 0.775070
vt 0.018690 0.706638
vt 0.057399 0.706432
vt 0.018084 0.637537
vt 0.056857 0.637412
vt 0.008411 0.637568
vt 0.017758 0.568338
vt 0.056565 0.568286
vt 0.017687 0.499095
vt 0.056515 0.499109
vt 0.017870 0.429849
vt 0.056683 0.429929
vt 0.018302 0.360642
vt 0.057081 0.360794
vt 0.008628 0.360604
vt 0.019018 0.291525
vt 0.057737 0.291761
vt 0.020053 0.222787
vt 0.058675 0.223140
vt 0.021504 0.155620
vt 0.060005 0.156120
vt 0.938624 0.292166
vt 0.854631 0.292532
vt 0.853963 0.224101
vt 0.937787 0.223604
vt 0.742270 0.292838
vt 0.741882 0.224405
vt 0.741499 0.157275
vt 0.853010 0.157212
vt 0.936551 0.156684
vt 0.621974 0.292940
vt 0.621866 0.224472
vt 0.499468 0.292930
vt 0.499549 0.224433
vt 0.499637 0.157127
vt 0.621793 0.157219
vt 0.376881 0.292808
vt 0.377139 0.224324
vt 0.256020 0.292587
vt 0.256528 0.224112
vt 0.257072 0.156952
vt 0.377390 0.157060
vt 0.939475 0.430274
vt 0.855316 0.430374
vt 0.855073 0.361395
vt 0.939182 0.361163
vt 0.742698 0.430457
vt 0.742541 0.361596
vt 0.622095 0.430482
vt 0.622055 0.361674
vt 0.499336 0.430456
vt 0.499398 0.361664
vt 0.376496 0.430384
vt 0.376662 0.361564
vt 0.255341 0.430261
vt 0.255613 0.361383
vt 0.939376 0.568600
vt 0.855213 0.568443
vt 0.855357 0.499407
vt 0.939550 0.499436
vt 0.742593 0.568276
vt 0.742700 0.499366
vt 0.621989 0.568165
vt 0.622073 0.499322
vt 0.499229 0.568095
vt 0.499280 0.499276
vt 0.376385 0.568076
vt 0.376400 0.499231
vt 0.255237 0.568103
vt 0.255227 0.499182
vt 0.938339 0.706721
vt 0.854336 0.706296
vt 0.854868 0.637430
vt 0.938991 0.637714
vt 0.741947 0.705923
vt 0.742332 0.637145
vt 0.621641 0.705719
vt 0.621842 0.636969
vt 0.499131 0.705633
vt 0.499178 0.636893
vt 0.376530 0.705638
vt 0.376433 0.636892
vt 0.255669 0.705759
vt 0.255385 0.636975
vt 0.936151 0.842506
vt 0.852533 0.841974
vt 0.853563 0.774778
vt 0.937428 0.775336
vt 0.740934 0.841772
vt 0.741461 0.774410
vt 0.621216 0.841756
vt 0.621412 0.774239
vt 0.499020 0.841730
vt 0.499079 0.774167
vt 0.376735 0.841682
vt 0.376664 0.774148
vt 0.256481 0.841613
vt 0.256059 0.774247
vt 0.931288 0.950134
vt 0.850953 0.951631
vt 0.851234 0.904624
vt 0.934131 0.904678
vt 0.740853 0.952225
vt 0.740692 0.905052
vt 0.621273 0.952387
vt 0.621155 0.905175
vt 0.498931 0.952412
vt 0.498963 0.905183
vt 0.376523 0.952308
vt 0.376701 0.905101
vt 0.256409 0.952080
vt 0.256628 0.904909
vt -0.961376 0.293822
vt -0.961362 0.225452
vt -0.877855 0.225461
vt -0.877866 0.293828
vt -0.961340 0.158253
vt -0.877840 0.158264
vt -0.765930 0.158268
vt -0.765936 0.225468
vt -0.765943 0.293834
vt -0.645913 0.225471
vt -0.645917 0.293837
vt -0.645911 0.158270
vt -0.523642 0.158271
vt -0.523643 0.225472
vt -0.523644 0.293839
vt -0.401297 0.225473
vt -0.401296 0.293839
vt -0.401297 0.158272
vt -0.280747 0.158273
vt -0.280742 0.225471
vt -0.280737 0.293837
vt -0.961390 0.430956
vt -0.961385 0.362389
vt -0.877874 0.362392
vt -0.877878 0.430958
vt -0.765948 0.362396
vt -0.765952 0.430960
vt -0.645919 0.362398
vt -0.645921 0.430961
vt -0.523645 0.362400
vt -0.523646 0.430962
vt -0.401295 0.362400
vt -0.401295 0.430962
vt -0.280734 0.362399
vt -0.280732 0.430962
vt -0.961389 0.568092
vt -0.961391 0.499524
vt -0.877879 0.499524
vt -0.877877 0.568090
vt -0.765952 0.499523
vt -0.765951 0.568087
vt -0.645922 0.499523
vt -0.645922 0.568086
vt -0.523647 0.499524
vt -0.523647 0.568086
vt -0.401295 0.499525
vt -0.401297 0.568087
vt -0.280732 0.499526
vt -0.280735 0.568089
vt -0.961371 0.705225
vt -0.961382 0.636660
vt -0.877872 0.636655
vt -0.877862 0.705218
vt -0.765947 0.636650
vt -0.765942 0.705212
vt -0.645920 0.636648
vt -0.645918 0.705208
vt -0.523648 0.636647
vt -0.523648 0.705207
vt -0.401299 0.636648
vt -0.401303 0.705208
vt -0.280740 0.636652
vt -0.280746 0.705212
vt -0.961329 0.841071
vt -0.961354 0.773629
vt -0.877849 0.773619
vt -0.877831 0.841058
vt -0.765934 0.773611
vt -0.765926 0.841053
vt -0.645914 0.773608
vt -0.645912 0.841052
vt -0.523648 0.773607
vt -0.523647 0.841052
vt -0.401306 0.773608
vt -0.401307 0.841051
vt -0.280755 0.773610
vt -0.280762 0.841050
vt -0.961235 0.951447
vt -0.961289 0.904364
vt -0.877812 0.904358
vt -0.877813 0.951478
vt -0.765925 0.904364
vt -0.765930 0.951492
vt -0.645912 0.904367
vt -0.645915 0.951497
vt -0.523646 0.904367
vt -0.523645 0.951498
vt -0.401305 0.904365
vt -0.401300 0.951495
vt -0.280763 0.904360
vt -0.280755 0.951486
vt 0.984942 0.950893
vt 0.983220 0.950755
vt 0.993404 0.568711
vt 0.995262 0.568715
vt 0.994811 0.637934
vt 0.992955 0.637927
vt 0.988529 0.707026
vt 0.991249 0.707042
vt 0.990171 0.775812
vt 0.987463 0.775788
vt 0.992213 0.707048
vt 0.991131 0.775820
vt 0.988644 0.843230
vt 0.985962 0.843192
vt 0.993251 0.843295
vt 0.995361 0.430195
vt 0.997219 0.430193
vt 0.997304 0.499455
vt 0.995446 0.499455
vt 0.992493 0.291868
vt 0.994345 0.291858
vt 0.995007 0.360978
vt 0.993151 0.360985
vt 0.989809 0.430203
vt 0.992536 0.430199
vt 0.992620 0.499454
vt 0.989892 0.499453
vt 0.993504 0.430198
vt 0.993588 0.499454
vt 0.992437 0.568708
vt 0.989709 0.568703
vt 0.997120 0.568718
vt 0.991786 0.155964
vt 0.993614 0.155937
vt 0.995165 0.223113
vt 0.993321 0.223129
vt -0.961262 0.048701
vt -0.961276 0.026973
vt -0.877834 0.026937
vt -0.877822 0.048677
vt -0.961291 0.021206
vt -0.877838 0.021167
vt -0.765936 0.021152
vt -0.765934 0.026924
vt -0.765930 0.048667
vt -0.645912 0.026919
vt -0.645911 0.048663
vt -0.645912 0.021147
vt -0.523638 0.021146
vt -0.523638 0.026919
vt -0.523639 0.048663
vt -0.401288 0.026923
vt -0.401290 0.048667
vt -0.401287 0.021151
vt -0.280733 0.021161
vt -0.280734 0.026932
vt -0.280740 0.048674
vt 0.931885 0.049829
vt 0.851723 0.048371
vt 0.852179 0.026771
vt 0.931983 0.028413
vt 0.741609 0.047754
vt 0.741877 0.026090
vt 0.741942 0.020359
vt 0.852362 0.021132
vt 0.932496 0.022922
vt 0.622091 0.047472
vt 0.622220 0.025741
vt 0.499822 0.047337
vt 0.499858 0.025569
vt 0.499868 0.019792
vt 0.622251 0.019974
vt 0.377453 0.047288
vt 0.377408 0.025552
vt 0.257360 0.047381
vt 0.257167 0.025720
vt 0.257123 0.019986
vt 0.377396 0.019783
vt -0.523645 0.978173
vt -0.523645 0.972926
vt -0.401298 0.972922
vt -0.401297 0.978169
vt -0.280749 0.972912
vt -0.280747 0.978158
vt -0.765937 0.978164
vt -0.765935 0.972918
vt -0.645917 0.972925
vt -0.645917 0.978172
vt -0.961270 0.978097
vt -0.961254 0.972857
vt -0.877828 0.972900
vt -0.877832 0.978144
vt 0.498911 0.979124
vt 0.376394 0.978989
vt 0.376418 0.973744
vt 0.498914 0.973871
vt 0.256121 0.978635
vt 0.256182 0.973425
vt 0.741142 0.978779
vt 0.621362 0.979066
vt 0.621344 0.973821
vt 0.741090 0.973566
vt 0.851698 0.978038
vt 0.851542 0.972902
vt 0.931607 0.971293
vt 0.063549 0.976028
vt 0.029362 0.973280
vt 0.029720 0.968722
vt 0.064023 0.971032
vt 0.023216 0.972048
vt 0.021680 0.968801
vt -0.083605 0.978076
vt -0.083625 0.972838
vt -0.045411 0.972722
vt -0.045487 0.977847
vt -0.036082 0.972688
vt -0.037179 0.977239
vt 0.741966 0.018315
vt 0.741980 0.017073
vt 0.852469 0.017904
vt 0.852428 0.019124
vt 0.986324 0.156042
vt 0.989007 0.156004
vt 0.990517 0.223154
vt 0.987810 0.223177
vt 0.989958 0.155990
vt 0.991476 0.223146
vt 0.991529 0.291874
vt 0.988810 0.291889
vt 0.377491 0.094171
vt 0.499745 0.094222
vt 0.257470 0.094229
vt 0.621899 0.094342
vt 0.741342 0.094574
vt 0.852038 0.094941
vt 0.934408 0.095194
vt -0.523640 0.095480
vt -0.401295 0.095483
vt -0.280747 0.095488
vt -0.765928 0.095481
vt -0.645910 0.095479
vt -0.961305 0.095480
vt -0.877825 0.095483
vt 0.996197 0.291847
vt 0.499874 0.016476
vt 0.499876 0.015223
vt 0.622275 0.015413
vt 0.622269 0.016664
vt 0.932839 0.019818
vt 0.932703 0.020991
vt 0.257106 0.017940
vt 0.257096 0.016697
vt 0.377390 0.016473
vt 0.377392 0.017724
vt -0.083550 0.095490
vt -0.045104 0.095474
vt -0.035520 0.095468
vt 0.023738 0.093714
vt 0.062247 0.094407
vt 0.014343 0.093460
vt 0.144377 0.156751
vt 0.145544 0.094368
vt 0.146142 0.047825
vt -0.167716 0.095495
vt -0.167699 0.158271
vt -0.167713 0.048689
vt -0.167720 0.972890
vt -0.167715 0.978133
vt -0.167738 0.951469
vt 0.144483 0.977812
vt 0.144648 0.972678
vt 0.145222 0.951428
vt 0.499870 0.018361
vt 0.622259 0.018545
vt 0.499871 0.017729
vt 0.622262 0.017915
vt 0.741958 0.018941
vt 0.142467 0.292198
vt 0.143278 0.223727
vt 0.141556 0.430089
vt 0.141914 0.361086
vt 0.141445 0.568187
vt 0.141406 0.499140
vt 0.142110 0.706062
vt 0.141683 0.637185
vt 0.143765 0.841703
vt 0.142778 0.774558
vt 0.144943 0.904432
vt -0.167684 0.225466
vt -0.167673 0.293833
vt -0.167666 0.362396
vt -0.167663 0.430961
vt -0.167664 0.499527
vt -0.167667 0.568093
vt -0.167674 0.636657
vt -0.167684 0.705219
vt -0.167699 0.773618
vt -0.167719 0.841054
vt -0.167740 0.904352
vt 0.741995 0.015831
vt 0.257086 0.015454
vt 0.377387 0.015222
vt -0.167698 0.026952
vt -0.167693 0.021183
vt 0.145632 0.026222
vt 0.145481 0.020574
vt -1.011210 0.158242
vt -1.011168 0.095459
vt -1.000441 0.095465
vt -1.000480 0.158244
vt -1.011084 0.048676
vt -1.000366 0.048694
vt 0.975660 0.156196
vt 0.973434 0.094414
vt 0.983937 0.094117
vt 0.969974 0.049984
vt 0.966512 0.968976
vt 0.975393 0.968919
vt 0.969633 0.949904
vt 0.979827 0.950507
vt -1.009272 0.977295
vt -1.010598 0.972720
vt -1.000172 0.972758
vt -1.000060 0.977890
vt -1.011045 0.951475
vt -1.000330 0.951453
vt 0.966835 0.030677
vt 0.967198 0.025681
vt -1.010671 0.027117
vt -1.000224 0.027063
vt -1.009357 0.022124
vt -1.000108 0.021426
vt 0.256100 0.980442
vt 0.256085 0.981685
vt 0.144384 0.980810
vt 0.144425 0.979588
vt -1.011145 0.904389
vt -1.000420 0.904381
vt -1.011198 0.841084
vt -1.000468 0.841081
vt -1.011228 0.773637
vt -1.000497 0.773635
vt -1.011247 0.705231
vt -1.000516 0.705229
vt -1.011260 0.636663
vt -1.000528 0.636662
vt -1.011267 0.568094
vt -1.000535 0.568094
vt -1.011270 0.499525
vt -1.000538 0.499525
vt -1.011268 0.430955
vt -1.000537 0.430955
vt -1.011263 0.362386
vt -1.000531 0.362386
vt -1.011253 0.293817
vt -1.000521 0.293818
vt -1.011236 0.225445
vt -1.000505 0.225447
vt 0.973190 0.905332
vt 0.983669 0.905609
vt 0.975292 0.843046
vt 0.976706 0.775691
vt 0.977728 0.706960
vt 0.978441 0.637869
vt 0.989264 0.637912
vt 0.978875 0.568680
vt 0.979055 0.499449
vt 0.978975 0.430219
vt 0.978637 0.361033
vt 0.989460 0.360997
vt 0.978010 0.291949
vt 0.977056 0.223271
vt 0.256107 0.979825
vt 0.144445 0.978982
vt 0.063364 0.977735
vt 0.063430 0.977150
vt 0.932600 0.980942
vt 0.851854 0.982868
vt 0.851834 0.982262
vt -0.961275 0.979294
vt -0.877833 0.979343
vt -0.765937 0.979362
vt 0.741193 0.983690
vt 0.741187 0.983074
vt 0.498910 0.980325
vt 0.376389 0.980187
vt 0.498909 0.980947
vt 0.376386 0.980808
vt 0.932978 0.018640
vt 0.933052 0.018046
vt 0.968987 0.021274
vt 0.968753 0.021838
vt -0.961296 0.019778
vt -1.000280 0.020057
vt -1.010635 0.021435
vt 0.978005 0.024325
vt 0.977449 0.024792
vt 0.063228 0.978910
vt 0.064039 0.017294
vt 0.145335 0.015502
vt 0.145353 0.016118
vt -0.083563 0.019806
vt -0.167692 0.019754
vt -0.280732 0.019732
vt 0.257080 0.014828
vt 0.852510 0.016683
vt 0.063089 0.980091
vt 0.063017 0.980676
vt 0.027612 0.977494
vt 0.027851 0.976935
vt -0.083599 0.979273
vt -0.045340 0.978993
vt -0.036143 0.977821
vt 0.019444 0.974694
vt 0.020015 0.974236
vt 0.257111 0.018566
vt 0.377393 0.018355
vt 0.987045 0.048865
vt 0.987941 0.048790
vt 0.992021 0.093879
vt 0.991086 0.093907
vt -1.013782 0.048670
vt -1.013868 0.095457
vt -1.013911 0.158241
vt 0.994565 0.155923
vt 0.011769 0.048135
vt 0.010892 0.048063
vt 0.016167 0.028114
vt 0.016987 0.028333
vt -0.033432 0.048689
vt -0.033904 0.027050
vt -0.036036 0.021498
vt 0.020592 0.023296
vt 0.996863 0.360972
vt 0.010974 0.950701
vt 0.010102 0.950772
vt 0.006124 0.905476
vt 0.007030 0.905450
vt -0.033484 0.951467
vt -0.033370 0.904385
vt -0.033313 0.841085
vt 0.003741 0.842958
vt 0.852408 0.019739
vt 0.932636 0.021584
vt 0.986657 0.951034
vt 0.987551 0.951112
vt 0.982109 0.970516
vt 0.981269 0.970244
vt -1.013741 0.951483
vt -1.013184 0.972818
vt -1.010544 0.977881
vt 0.977695 0.974848
vt 0.977193 0.974375
vt 0.621378 0.984010
vt 0.621376 0.983389
vt -0.645917 0.979370
vt -0.523645 0.979372
vt 0.498907 0.984076
vt 0.498908 0.983455
vt 0.996667 0.637942
vt 0.376371 0.983931
vt 0.376374 0.983311
vt -0.401297 0.979368
vt -0.280747 0.979357
vt 0.256063 0.983544
vt 0.256070 0.982928
vt 0.992185 0.360988
vt 0.144322 0.982638
vt 0.144343 0.982032
vt -0.167714 0.979331
vt 0.377386 0.014592
vt -0.401287 0.019721
vt -0.523637 0.019717
vt 0.499877 0.014592
vt 0.990804 0.905818
vt 0.622279 0.014783
vt -0.645912 0.019717
vt -0.765936 0.019722
vt 0.742003 0.015205
vt 0.991988 0.637923
vt 0.852532 0.016067
vt -0.877839 0.019738
vt 0.996125 0.223105
vt -1.013937 0.225445
vt -1.013954 0.293817
vt 0.997161 0.291842
vt 0.001553 0.637590
vt 0.997829 0.360969
vt -1.013964 0.362386
vt -1.013970 0.430955
vt 0.998187 0.430191
vt 0.986294 0.905685
vt 0.982328 0.950686
vt 0.998272 0.499456
vt -1.013971 0.499525
vt -1.013968 0.568094
vt 0.998087 0.568721
vt 0.997633 0.637946
vt -1.013961 0.636663
vt -1.013949 0.705231
vt 0.996882 0.707077
vt 0.001768 0.360577
vt 0.995781 0.775863
vt -1.013929 0.773638
vt -1.013899 0.841085
vt 0.994203 0.843310
vt 0.006204 0.637575
vt 0.991737 0.905847
vt -1.013845 0.904391
vt 0.002249 0.775518
vt -0.033278 0.773640
vt -0.033256 0.705234
vt 0.001257 0.706732
vt 0.007710 0.093265
vt 0.000614 0.637594
vt -0.033241 0.636667
vt -0.033232 0.568098
vt 0.000270 0.568362
vt 0.006420 0.360595
vt 0.000194 0.499088
vt -0.033228 0.499529
vt -0.033228 0.430960
vt 0.000381 0.429812
vt 0.000829 0.360573
vt -0.033232 0.362390
vt -0.033242 0.293823
vt 0.001577 0.291418
vt 0.016095 0.970072
vt 0.002680 0.222630
vt -0.033258 0.225450
vt -0.033284 0.158247
vt 0.004277 0.155368
vt 0.012209 0.093398
vt 0.016094 0.048472
vt 0.006800 0.093238
vt -0.033333 0.095466
vt 0.976132 0.973588
vt 0.028731 0.020438
vt -0.045276 0.020106
vt 0.976375 0.025568
vt 0.981742 0.029316
vt 0.015283 0.970302
vt -0.033990 0.972783
vt 0.022502 0.972425
vt 0.019989 0.969059
vt 0.015285 0.950365
vt 0.968652 0.977786
vt -1.000231 0.979036
vt 0.498908 0.982200
vt 0.376380 0.982059
vt 0.982561 0.029076
vt -1.013258 0.027012
vt 0.741160 0.980586
vt 0.741174 0.981830
vt 0.621372 0.982137
vt 0.621367 0.980886
vt 0.741154 0.979970
vt 0.621365 0.980265
vt 0.979715 0.969784
vt 0.978214 0.969369
vt 0.977467 0.969204
vt 0.008821 0.905399
vt 0.010611 0.905348
vt 0.011515 0.905323
vt 0.018575 0.028760
vt 0.020137 0.029148
vt 0.020907 0.029325
vt 0.989292 0.093961
vt 0.987499 0.094014
vt 0.986567 0.094041
vt 0.028354 0.975828
vt 0.028805 0.974768
vt 0.029032 0.974238
vt 0.145389 0.017341
vt 0.145425 0.018563
vt 0.145442 0.019178
vt 0.968262 0.022939
vt 0.967819 0.023997
vt 0.967587 0.024533
vt 0.851794 0.981038
vt 0.851754 0.979815
vt 0.851735 0.979209
s 1
usemtl Material.009
f 258/203/113 566/204/208 765/205/279 585/206/213
f 566/204/208 229/207/98 371/208/181 765/205/279
f 765/205/279 371/208/181 142/209/77 555/210/204
f 585/206/213 765/205/279 555/210/204 247/211/107
f 257/212/112 584/213/212 766/214/280 545/215/203
f 584/213/212 248/216/108 556/217/205 766/214/280
f 766/214/280 556/217/205 146/218/81 375/219/185
f 545/215/203 766/214/280 375/219/185 230/220/99
f 141/221/76 571/222/211 767/223/281 531/224/199
f 571/222/211 332/225/146 694/226/254 767/223/281
f 767/223/281 694/226/254 354/227/164 699/228/259
f 531/224/199 767/223/281 699/228/259 231/229/100
f 694/226/254 693/230/253 355/231/165 354/227/164
f 335/232/149 334/233/148 687/234/247 688/235/248
f 139/236/74 624/237/223 768/238/282 594/239/214
f 624/237/223 338/240/152 691/241/251 768/238/282
f 768/238/282 691/241/251 366/242/176 695/243/255
f 594/239/214 768/238/282 695/243/255 267/244/117
f 690/245/250 689/246/249 368/247/178 367/248/177
f 328/249/142 327/250/141 683/251/243 684/252/244
f 688/235/248 687/234/247 349/253/159 348/254/158
f 326/255/140 325/256/139 681/257/139 682/258/140
f 142/209/77 658/259/236 769/260/283 555/210/204
f 658/259/236 329/261/143 685/262/245 769/260/283
f 769/260/283 685/262/245 360/263/170 697/264/257
f 555/210/204 769/260/283 697/264/257 247/211/107
f 684/252/244 683/251/243 362/265/172 361/266/171
f 322/267/139 321/268/138 677/269/138 678/270/139
f 682/258/140 681/257/139 352/271/162 351/272/161
f 320/273/140 319/274/139 675/275/139 676/276/140
f 157/277/83 654/278/192 770/279/192 389/280/83
f 654/278/192 323/281/140 679/282/140 770/279/192
f 770/279/192 679/282/140 326/255/140 528/283/192
f 389/280/83 770/279/192 528/283/192 158/284/83
f 678/270/139 677/269/138 324/285/138 325/256/139
f 316/286/139 315/287/138 671/288/138 672/289/139
f 676/276/140 675/275/139 322/267/139 323/281/140
f 314/290/140 313/291/139 669/292/139 670/293/140
f 155/294/83 650/295/192 771/296/192 387/297/83
f 650/295/192 317/298/140 673/299/140 771/296/192
f 771/296/192 673/299/140 320/273/140 503/300/192
f 387/297/83 771/296/192 503/300/192 156/301/83
f 672/289/139 671/288/138 318/302/138 319/274/139
f 310/303/139 309/304/138 665/305/138 666/306/139
f 670/293/140 669/292/139 316/286/139 317/298/140
f 308/307/137 307/308/135 706/309/135 705/310/137
f 153/311/83 646/312/192 772/313/192 385/314/83
f 646/312/192 311/315/140 667/316/140 772/313/192
f 772/313/192 667/316/140 314/290/140 502/317/192
f 385/314/83 772/313/192 502/317/192 154/318/83
f 666/306/139 665/305/138 312/319/138 313/291/139
f 304/320/135 303/321/134 710/322/134 709/323/135
f 256/324/111 583/325/106 773/326/189 527/327/198
f 583/325/106 241/328/106 406/329/189 773/326/189
f 773/326/189 406/329/189 165/330/85 396/331/85
f 527/327/198 773/326/189 396/331/85 222/332/95
f 241/328/106 582/333/106 774/334/189 406/329/189
f 582/333/106 242/335/106 407/336/189 774/334/189
f 774/334/189 407/336/189 166/337/85 397/338/85
f 406/329/189 774/334/189 397/338/85 165/330/85
f 242/335/106 581/339/106 775/340/189 407/336/189
f 581/339/106 243/341/106 408/342/189 775/340/189
f 775/340/189 408/342/189 167/343/85 398/344/85
f 407/336/189 775/340/189 398/344/85 166/337/85
f 243/341/106 580/345/106 776/346/189 408/342/189
f 580/345/106 244/347/106 409/348/189 776/346/189
f 776/346/189 409/348/189 168/349/85 399/350/85
f 408/342/189 776/346/189 399/350/85 167/343/85
f 244/347/106 579/351/106 777/352/189 409/348/189
f 579/351/106 245/353/106 410/354/189 777/352/189
f 777/352/189 410/354/189 169/355/85 400/356/85
f 409/348/189 777/352/189 400/356/85 168/349/85
f 245/353/106 578/357/106 778/358/189 410/354/189
f 578/357/106 246/359/106 411/360/189 778/358/189
f 778/358/189 411/360/189 170/361/85 401/362/85
f 410/354/189 778/358/189 401/362/85 169/355/85
f 255/363/110 563/364/207 779/365/206 577/366/109
f 563/364/207 221/367/94 384/368/83 779/365/206
f 779/365/206 384/368/83 153/311/83 557/369/206
f 577/366/109 779/365/206 557/369/206 249/370/109
f 249/370/109 557/369/206 780/371/206 576/372/109
f 557/369/206 153/311/83 385/314/83 780/371/206
f 780/371/206 385/314/83 154/318/83 558/373/206
f 576/372/109 780/371/206 558/373/206 250/374/109
f 250/374/109 558/373/206 781/375/206 575/376/109
f 558/373/206 154/318/83 386/377/83 781/375/206
f 781/375/206 386/377/83 155/294/83 559/378/206
f 575/376/109 781/375/206 559/378/206 251/379/109
f 251/379/109 559/378/206 782/380/206 574/381/109
f 559/378/206 155/294/83 387/297/83 782/380/206
f 782/380/206 387/297/83 156/301/83 560/382/206
f 574/381/109 782/380/206 560/382/206 252/383/109
f 252/383/109 560/382/206 783/384/206 573/385/109
f 560/382/206 156/301/83 388/386/83 783/384/206
f 783/384/206 388/386/83 157/277/83 561/387/206
f 573/385/109 783/384/206 561/387/206 253/388/109
f 253/388/109 561/387/206 784/389/206 572/390/109
f 561/387/206 157/277/83 389/280/83 784/389/206
f 784/389/206 389/280/83 158/284/83 562/391/206
f 572/390/109 784/389/206 562/391/206 254/392/109
f 265/393/116 592/394/91 785/395/91 623/396/116
f 592/394/91 215/397/91 466/398/91 785/395/91
f 785/395/91 466/398/91 218/399/91 593/400/91
f 623/396/116 785/395/91 593/400/91 266/401/116
f 215/397/91 462/402/91 786/403/91 466/398/91
f 462/402/91 214/404/91 467/405/91 786/403/91
f 786/403/91 467/405/91 217/406/91 465/407/91
f 466/398/91 786/403/91 465/407/91 218/399/91
f 214/404/91 461/408/91 787/409/91 467/405/91
f 461/408/91 213/410/91 468/411/91 787/409/91
f 787/409/91 468/411/91 216/412/91 464/413/91
f 467/405/91 787/409/91 464/413/91 217/406/91
f 264/414/116 591/415/91 788/416/91 622/417/116
f 591/415/91 212/418/91 469/419/91 788/416/91
f 788/416/91 469/419/91 215/397/91 592/394/91
f 622/417/116 788/416/91 592/394/91 265/393/116
f 212/418/91 459/420/91 789/421/91 469/419/91
f 459/420/91 211/422/91 470/423/91 789/421/91
f 789/421/91 470/423/91 214/404/91 462/402/91
f 469/419/91 789/421/91 462/402/91 215/397/91
f 211/422/91 458/424/91 790/425/91 470/423/91
f 458/424/91 210/426/91 471/427/91 790/425/91
f 790/425/91 471/427/91 213/410/91 461/408/91
f 470/423/91 790/425/91 461/408/91 214/404/91
f 263/428/116 590/429/91 791/430/91 621/431/116
f 590/429/91 209/432/91 472/433/91 791/430/91
f 791/430/91 472/433/91 212/418/91 591/415/91
f 621/431/116 791/430/91 591/415/91 264/414/116
f 209/432/91 456/434/91 792/435/91 472/433/91
f 456/434/91 208/436/91 473/437/91 792/435/91
f 792/435/91 473/437/91 211/422/91 459/420/91
f 472/433/91 792/435/91 459/420/91 212/418/91
f 208/436/91 455/438/91 793/439/91 473/437/91
f 455/438/91 207/440/91 474/441/91 793/439/91
f 793/439/91 474/441/91 210/426/91 458/424/91
f 473/437/91 793/439/91 458/424/91 211/422/91
f 262/442/116 589/443/91 794/444/91 620/445/116
f 589/443/91 206/446/91 475/447/91 794/444/91
f 794/444/91 475/447/91 209/432/91 590/429/91
f 620/445/116 794/444/91 590/429/91 263/428/116
f 206/446/91 453/448/91 795/449/91 475/447/91
f 453/448/91 205/450/91 476/451/91 795/449/91
f 795/449/91 476/451/91 208/436/91 456/434/91
f 475/447/91 795/449/91 456/434/91 209/432/91
f 205/450/91 452/452/91 796/453/91 476/451/91
f 452/452/91 204/454/91 477/455/91 796/453/91
f 796/453/91 477/455/91 207/440/91 455/438/91
f 476/451/91 796/453/91 455/438/91 208/436/91
f 261/456/116 588/457/91 797/458/91 619/459/116
f 588/457/91 203/460/91 478/461/91 797/458/91
f 797/458/91 478/461/91 206/446/91 589/443/91
f 619/459/116 797/458/91 589/443/91 262/442/116
f 203/460/91 450/462/91 798/463/91 478/461/91
f 450/462/91 202/464/91 479/465/91 798/463/91
f 798/463/91 479/465/91 205/450/91 453/448/91
f 478/461/91 798/463/91 453/448/91 206/446/91
f 202/464/91 449/466/91 799/467/91 479/465/91
f 449/466/91 201/468/91 480/469/91 799/467/91
f 799/467/91 480/469/91 204/454/91 452/452/91
f 479/465/91 799/467/91 452/452/91 205/450/91
f 276/470/121 603/471/96 800/472/91 618/473/116
f 603/471/96 223/474/96 481/475/91 800/472/91
f 800/472/91 481/475/91 203/460/91 588/457/91
f 618/473/116 800/472/91 588/457/91 261/456/116
f 223/474/96 524/476/96 801/477/91 481/475/91
f 524/476/96 224/478/96 482/479/91 801/477/91
f 801/477/91 482/479/91 202/464/91 450/462/91
f 481/475/91 801/477/91 450/462/91 203/460/91
f 224/478/96 523/480/96 802/481/91 482/479/91
f 523/480/96 225/482/96 483/483/91 802/481/91
f 802/481/91 483/483/91 201/468/91 449/466/91
f 482/479/91 802/481/91 449/466/91 202/464/91
f 273/484/119 617/485/119 803/486/90 442/487/90
f 617/485/119 274/488/119 445/489/90 803/486/90
f 803/486/90 445/489/90 198/490/90 484/491/90
f 442/487/90 803/486/90 484/491/90 195/492/90
f 195/492/90 484/491/90 804/493/90 443/494/90
f 484/491/90 198/490/90 446/495/90 804/493/90
f 804/493/90 446/495/90 199/496/90 485/497/90
f 443/494/90 804/493/90 485/497/90 196/498/90
f 196/498/90 485/497/90 805/499/90 444/500/90
f 485/497/90 199/496/90 447/501/90 805/499/90
f 805/499/90 447/501/90 200/502/90 486/503/90
f 444/500/90 805/499/90 486/503/90 197/504/90
f 272/505/119 616/506/119 806/507/90 439/508/90
f 616/506/119 273/484/119 442/487/90 806/507/90
f 806/507/90 442/487/90 195/492/90 487/509/90
f 439/508/90 806/507/90 487/509/90 192/510/90
f 192/510/90 487/509/90 807/511/90 440/512/90
f 487/509/90 195/492/90 443/494/90 807/511/90
f 807/511/90 443/494/90 196/498/90 488/513/90
f 440/512/90 807/511/90 488/513/90 193/514/90
f 193/514/90 488/513/90 808/515/90 441/516/90
f 488/513/90 196/498/90 444/500/90 808/515/90
f 808/515/90 444/500/90 197/504/90 489/517/90
f 441/516/90 808/515/90 489/517/90 194/518/90
f 271/519/119 615/520/119 809/521/90 436/522/90
f 615/520/119 272/505/119 439/508/90 809/521/90
f 809/521/90 439/508/90 192/510/90 490/523/90
f 436/522/90 809/521/90 490/523/90 189/524/90
f 189/524/90 490/523/90 810/525/90 437/526/90
f 490/523/90 192/510/90 440/512/90 810/525/90
f 810/525/90 440/512/90 193/514/90 491/527/90
f 437/526/90 810/525/90 491/527/90 190/528/90
f 190/528/90 491/527/90 811/529/90 438/530/90
f 491/527/90 193/514/90 441/516/90 811/529/90
f 811/529/90 441/516/90 194/518/90 492/531/90
f 438/530/90 811/529/90 492/531/90 191/532/90
f 270/533/119 614/534/119 812/535/90 433/536/90
f 614/534/119 271/519/119 436/522/90 812/535/90
f 812/535/90 436/522/90 189/524/90 493/537/90
f 433/536/90 812/535/90 493/537/90 186/538/90
f 186/538/90 493/537/90 813/539/90 434/540/90
f 493/537/90 189/524/90 437/526/90 813/539/90
f 813/539/90 437/526/90 190/528/90 494/541/90
f 434/540/90 813/539/90 494/541/90 187/542/90
f 187/542/90 494/541/90 814/543/90 435/544/90
f 494/541/90 190/528/90 438/530/90 814/543/90
f 814/543/90 438/530/90 191/532/90 495/545/90
f 435/544/90 814/543/90 495/545/90 188/546/90
f 269/547/119 613/548/119 815/549/90 430/550/90
f 613/548/119 270/533/119 433/536/90 815/549/90
f 815/549/90 433/536/90 186/538/90 496/551/90
f 430/550/90 815/549/90 496/551/90 183/552/90
f 183/552/90 496/551/90 816/553/90 431/554/90
f 496/551/90 186/538/90 434/540/90 816/553/90
f 816/553/90 434/540/90 187/542/90 497/555/90
f 431/554/90 816/553/90 497/555/90 184/556/90
f 184/556/90 497/555/90 817/557/90 432/558/90
f 497/555/90 187/542/90 435/544/90 817/557/90
f 817/557/90 435/544/90 188/546/90 498/559/90
f 432/558/90 817/557/90 498/559/90 185/560/90
f 275/561/120 612/562/119 818/563/90 522/564/97
f 612/562/119 269/547/119 430/550/90 818/563/90
f 818/563/90 430/550/90 183/552/90 517/565/90
f 522/564/97 818/563/90 517/565/90 226/566/97
f 226/566/97 517/565/90 819/567/90 521/568/97
f 517/565/90 183/552/90 431/554/90 819/567/90
f 819/567/90 431/554/90 184/556/90 518/569/90
f 521/568/97 819/567/90 518/569/90 227/570/97
f 227/570/97 518/569/90 820/571/90 520/572/97
f 518/569/90 184/556/90 432/558/90 820/571/90
f 820/571/90 432/558/90 185/560/90 519/573/90
f 520/572/97 820/571/90 519/573/90 228/574/97
f 705/310/137 706/309/135 346/575/156 345/576/155
f 302/577/137 301/578/135 712/579/135 711/580/137
f 151/581/82 642/582/188 821/583/188 383/584/82
f 642/582/188 305/585/137 708/586/137 821/583/188
f 821/583/188 708/586/137 308/307/137 405/587/188
f 383/584/82 821/583/188 405/587/188 152/588/82
f 709/323/135 710/322/134 306/589/134 307/308/135
f 298/590/135 297/591/134 716/592/134 715/593/135
f 711/580/137 712/579/135 304/320/135 305/585/137
f 296/594/136 295/595/135 718/596/135 717/597/137
f 149/598/82 638/599/188 822/600/188 381/601/82
f 638/599/188 299/602/137 714/603/136 822/600/188
f 822/600/188 714/603/136 302/577/137 404/604/188
f 381/601/82 822/600/188 404/604/188 150/605/82
f 715/593/135 716/592/134 300/606/134 301/578/135
f 292/607/135 291/608/134 722/609/134 721/610/135
f 278/611/123 611/612/222 823/613/201 544/614/102
f 611/612/222 260/615/115 587/616/89 823/613/201
f 823/613/201 587/616/89 182/617/89 533/618/201
f 544/614/102 823/613/201 533/618/201 233/619/102
f 233/619/102 533/618/201 824/620/201 543/621/102
f 533/618/201 182/617/89 429/622/89 824/620/201
f 824/620/201 429/622/89 181/623/89 534/624/201
f 543/621/102 824/620/201 534/624/201 234/625/102
f 234/625/102 534/624/201 825/626/201 542/627/102
f 534/624/201 181/623/89 428/628/89 825/626/201
f 825/626/201 428/628/89 180/629/89 535/630/201
f 542/627/102 825/626/201 535/630/201 235/631/102
f 277/632/122 604/633/103 826/634/193 610/635/221
f 604/633/103 236/636/103 507/637/193 826/634/193
f 826/634/193 507/637/193 176/638/87 586/639/87
f 610/635/221 826/634/193 586/639/87 259/640/114
f 236/636/103 540/641/103 827/642/193 507/637/193
f 540/641/103 237/643/103 508/644/193 827/642/193
f 827/642/193 508/644/193 175/645/87 423/646/87
f 507/637/193 827/642/193 423/646/87 176/638/87
f 237/643/103 539/647/103 828/648/193 508/644/193
f 539/647/103 238/649/103 509/650/193 828/648/193
f 828/648/193 509/650/193 174/651/87 422/652/87
f 508/644/193 828/648/193 422/652/87 175/645/87
f 178/653/88 500/654/191 829/655/191 426/656/88
f 500/654/191 227/570/97 520/572/97 829/655/191
f 829/655/191 520/572/97 228/574/97 501/657/191
f 426/656/88 829/655/191 501/657/191 179/658/88
f 177/659/88 499/660/191 830/661/191 425/662/88
f 499/660/191 226/566/97 521/568/97 830/661/191
f 830/661/191 521/568/97 227/570/97 500/654/191
f 425/662/88 830/661/191 500/654/191 178/653/88
f 268/663/118 609/664/220 831/665/191 424/666/88
f 609/664/220 275/561/120 522/564/97 831/665/191
f 831/665/191 522/564/97 226/566/97 499/660/191
f 424/666/88 831/665/191 499/660/191 177/659/88
f 172/667/86 420/668/86 832/669/196 515/670/196
f 420/668/86 173/671/86 516/672/196 832/669/196
f 832/669/196 516/672/196 225/482/96 523/480/96
f 515/670/196 832/669/196 523/480/96 224/478/96
f 171/673/86 419/674/86 833/675/196 514/676/196
f 419/674/86 172/667/86 515/670/196 833/675/196
f 833/675/196 515/670/196 224/478/96 524/476/96
f 514/676/196 833/675/196 524/476/96 223/474/96
f 267/244/117 418/677/86 834/678/196 608/679/219
f 418/677/86 171/673/86 514/676/196 834/678/196
f 834/678/196 514/676/196 223/474/96 603/471/96
f 608/679/219 834/678/196 603/471/96 276/470/121
f 239/680/104 370/681/180 835/682/284 570/683/210
f 370/681/180 140/684/75 512/685/194 835/682/284
f 835/682/284 512/685/194 221/367/94 563/364/207
f 570/683/210 835/682/284 563/364/207 255/363/110
f 240/686/105 569/687/209 836/688/285 374/689/184
f 569/687/209 256/324/111 527/327/198 836/688/285
f 836/688/285 527/327/198 222/332/95 513/690/195
f 374/689/184 836/688/285 513/690/195 144/691/79
f 717/597/137 718/596/135 298/590/135 299/602/137
f 290/692/133 289/693/132 724/694/128 723/695/133
f 147/696/82 634/697/188 837/698/188 379/699/82
f 634/697/188 293/700/136 720/701/263 837/698/188
f 837/698/188 720/701/263 296/594/136 403/702/188
f 379/699/82 837/698/188 403/702/188 148/703/82
f 217/406/91 464/413/91 838/704/91 537/705/91
f 464/413/91 216/412/91 538/706/91 838/704/91
f 838/704/91 538/706/91 238/649/103 539/647/103
f 537/705/91 838/704/91 539/647/103 237/643/103
f 218/399/91 465/407/91 839/707/91 536/708/91
f 465/407/91 217/406/91 537/705/91 839/707/91
f 839/707/91 537/705/91 237/643/103 540/641/103
f 536/708/91 839/707/91 540/641/103 236/636/103
f 266/401/116 593/400/91 840/709/91 607/710/116
f 593/400/91 218/399/91 536/708/91 840/709/91
f 840/709/91 536/708/91 236/636/103 604/633/103
f 607/710/116 840/709/91 604/633/103 277/632/122
f 199/496/90 505/711/90 841/712/90 447/501/90
f 505/711/90 234/625/102 542/627/102 841/712/90
f 841/712/90 542/627/102 235/631/102 506/713/90
f 447/501/90 841/712/90 506/713/90 200/502/90
f 198/490/90 504/714/90 842/715/90 446/495/90
f 504/714/90 233/619/102 543/621/102 842/715/90
f 842/715/90 543/621/102 234/625/102 505/711/90
f 446/495/90 842/715/90 505/711/90 199/496/90
f 274/488/119 606/716/119 843/717/90 445/489/90
f 606/716/119 278/611/123 544/614/102 843/717/90
f 843/717/90 544/614/102 233/619/102 504/714/90
f 445/489/90 843/717/90 504/714/90 198/490/90
f 721/610/135 722/609/134 294/718/134 295/595/135
f 286/719/128 285/720/127 728/721/264 727/722/128
f 723/695/133 724/694/128 364/723/174 363/724/173
f 284/725/129 283/726/128 730/727/128 729/728/130
f 246/359/106 568/729/106 844/730/189 411/360/189
f 568/729/106 257/212/112 545/215/203 844/730/189
f 844/730/189 545/215/203 230/220/99 530/731/85
f 411/360/189 844/730/189 530/731/85 170/361/85
f 254/392/109 562/391/206 845/732/206 567/733/109
f 562/391/206 158/284/83 529/734/83 845/732/206
f 845/732/206 529/734/83 229/207/98 566/204/208
f 567/733/109 845/732/206 566/204/208 258/203/113
f 216/412/91 463/735/91 846/736/91 538/706/91
f 463/735/91 254/392/109 567/733/109 846/736/91
f 846/736/91 567/733/109 258/203/113 546/737/103
f 538/706/91 846/736/91 546/737/103 238/649/103
f 200/502/90 506/713/90 847/738/90 554/739/90
f 506/713/90 235/631/102 565/740/102 847/738/90
f 847/738/90 565/740/102 257/212/112 568/729/106
f 554/739/90 847/738/90 568/729/106 246/359/106
f 179/658/88 501/657/191 848/741/191 548/742/88
f 501/657/191 228/574/97 564/743/97 848/741/191
f 848/741/191 564/743/97 256/324/111 569/687/209
f 548/742/88 848/741/191 569/687/209 240/686/105
f 173/671/86 547/744/86 849/745/196 516/672/196
f 547/744/86 239/680/104 570/683/210 849/745/196
f 849/745/196 570/683/210 255/363/110 526/746/96
f 516/672/196 849/745/196 526/746/96 225/482/96
f 175/645/87 630/747/187 850/748/187 423/646/87
f 630/747/187 287/749/130 726/750/265 850/748/187
f 850/748/187 726/750/265 290/692/133 402/751/187
f 423/646/87 850/748/187 402/751/187 176/638/87
f 213/410/91 460/752/91 851/753/91 468/411/91
f 460/752/91 253/388/109 572/390/109 851/753/91
f 851/753/91 572/390/109 254/392/109 463/735/91
f 468/411/91 851/753/91 463/735/91 216/412/91
f 210/426/91 457/754/91 852/755/91 471/427/91
f 457/754/91 252/383/109 573/385/109 852/755/91
f 852/755/91 573/385/109 253/388/109 460/752/91
f 471/427/91 852/755/91 460/752/91 213/410/91
f 207/440/91 454/756/91 853/757/91 474/441/91
f 454/756/91 251/379/109 574/381/109 853/757/91
f 853/757/91 574/381/109 252/383/109 457/754/91
f 474/441/91 853/757/91 457/754/91 210/426/91
f 204/454/91 451/758/91 854/759/91 477/455/91
f 451/758/91 250/374/109 575/376/109 854/759/91
f 854/759/91 575/376/109 251/379/109 454/756/91
f 477/455/91 854/759/91 454/756/91 207/440/91
f 201/468/91 448/760/91 855/761/91 480/469/91
f 448/760/91 249/370/109 576/372/109 855/761/91
f 855/761/91 576/372/109 250/374/109 451/758/91
f 480/469/91 855/761/91 451/758/91 204/454/91
f 225/482/96 526/746/96 856/762/91 483/483/91
f 526/746/96 255/363/110 577/366/109 856/762/91
f 856/762/91 577/366/109 249/370/109 448/760/91
f 483/483/91 856/762/91 448/760/91 201/468/91
f 197/504/90 486/503/90 857/763/90 553/764/90
f 486/503/90 200/502/90 554/739/90 857/763/90
f 857/763/90 554/739/90 246/359/106 578/357/106
f 553/764/90 857/763/90 578/357/106 245/353/106
f 194/518/90 489/517/90 858/765/90 552/766/90
f 489/517/90 197/504/90 553/764/90 858/765/90
f 858/765/90 553/764/90 245/353/106 579/351/106
f 552/766/90 858/765/90 579/351/106 244/347/106
f 191/532/90 492/531/90 859/767/90 551/768/90
f 492/531/90 194/518/90 552/766/90 859/767/90
f 859/767/90 552/766/90 244/347/106 580/345/106
f 551/768/90 859/767/90 580/345/106 243/341/106
f 188/546/90 495/545/90 860/769/90 550/770/90
f 495/545/90 191/532/90 551/768/90 860/769/90
f 860/769/90 551/768/90 243/341/106 581/339/106
f 550/770/90 860/769/90 581/339/106 242/335/106
f 185/560/90 498/559/90 861/771/90 549/772/90
f 498/559/90 188/546/90 550/770/90 861/771/90
f 861/771/90 550/770/90 242/335/106 582/333/106
f 549/772/90 861/771/90 582/333/106 241/328/106
f 228/574/97 519/573/90 862/773/90 564/743/97
f 519/573/90 185/560/90 549/772/90 862/773/90
f 862/773/90 549/772/90 241/328/106 583/325/106
f 564/743/97 862/773/90 583/325/106 256/324/111
f 727/722/128 728/721/264 288/774/131 289/693/132
f 283/726/128 282/775/127 731/776/127 730/727/128
f 235/631/102 535/630/201 863/777/201 565/740/102
f 535/630/201 180/629/89 427/778/89 863/777/201
f 863/777/201 427/778/89 248/216/108 584/213/212
f 565/740/102 863/777/201 584/213/212 257/212/112
f 238/649/103 546/737/103 864/779/193 509/650/193
f 546/737/103 258/203/113 585/206/213 864/779/193
f 864/779/193 585/206/213 247/211/107 421/780/87
f 509/650/193 864/779/193 421/780/87 174/651/87
f 159/781/84 390/782/84 865/783/216 601/784/216
f 390/782/84 232/785/101 605/786/218 865/783/216
f 865/783/216 605/786/218 278/611/123 606/716/119
f 601/784/216 865/783/216 606/716/119 274/488/119
f 147/696/82 417/787/190 866/788/190 378/789/82
f 417/787/190 266/401/116 607/710/116 866/788/190
f 866/788/190 607/710/116 277/632/122 541/790/202
f 378/789/82 866/788/190 541/790/202 231/229/100
f 139/236/74 594/239/214 867/791/286 369/792/179
f 594/239/214 267/244/117 608/679/219 867/791/286
f 867/791/286 608/679/219 276/470/121 525/793/197
f 369/792/179 867/791/286 525/793/197 219/794/92
f 143/795/78 373/796/183 868/797/287 595/798/215
f 373/796/183 220/799/93 602/800/217 868/797/287
f 868/797/287 602/800/217 275/561/120 609/664/220
f 595/798/215 868/797/287 609/664/220 268/663/118
f 231/229/100 541/790/202 869/801/288 531/224/199
f 541/790/202 277/632/122 610/635/221 869/801/288
f 869/801/288 610/635/221 259/640/114 372/802/182
f 531/224/199 869/801/288 372/802/182 141/221/76
f 232/785/101 532/803/200 870/804/289 605/786/218
f 532/803/200 145/805/80 376/806/186 870/804/289
f 870/804/289 376/806/186 260/615/115 611/612/222
f 605/786/218 870/804/289 611/612/222 278/611/123
f 729/728/130 730/727/128 286/719/128 287/749/130
f 281/807/126 280/808/125 733/809/125 732/810/154
f 220/799/93 511/811/84 871/812/216 602/800/217
f 511/811/84 164/813/84 596/814/216 871/812/216
f 871/812/216 596/814/216 269/547/119 612/562/119
f 602/800/217 871/812/216 612/562/119 275/561/120
f 164/813/84 395/815/84 872/816/216 596/814/216
f 395/815/84 163/817/84 597/818/216 872/816/216
f 872/816/216 597/818/216 270/533/119 613/548/119
f 596/814/216 872/816/216 613/548/119 269/547/119
f 163/817/84 394/819/84 873/820/216 597/818/216
f 394/819/84 162/821/84 598/822/216 873/820/216
f 873/820/216 598/822/216 271/519/119 614/534/119
f 597/818/216 873/820/216 614/534/119 270/533/119
f 162/821/84 393/823/84 874/824/216 598/822/216
f 393/823/84 161/825/84 599/826/216 874/824/216
f 874/824/216 599/826/216 272/505/119 615/520/119
f 598/822/216 874/824/216 615/520/119 271/519/119
f 161/825/84 392/827/84 875/828/216 599/826/216
f 392/827/84 160/829/84 600/830/216 875/828/216
f 875/828/216 600/830/216 273/484/119 616/506/119
f 599/826/216 875/828/216 616/506/119 272/505/119
f 160/829/84 391/831/84 876/832/216 600/830/216
f 391/831/84 159/781/84 601/784/216 876/832/216
f 876/832/216 601/784/216 274/488/119 617/485/119
f 600/830/216 876/832/216 617/485/119 273/484/119
f 219/794/92 525/793/197 877/833/190 510/834/82
f 525/793/197 276/470/121 618/473/116 877/833/190
f 877/833/190 618/473/116 261/456/116 412/835/190
f 510/834/82 877/833/190 412/835/190 152/588/82
f 152/588/82 412/835/190 878/836/190 383/584/82
f 412/835/190 261/456/116 619/459/116 878/836/190
f 878/836/190 619/459/116 262/442/116 413/837/190
f 383/584/82 878/836/190 413/837/190 151/581/82
f 151/581/82 413/837/190 879/838/190 382/839/82
f 413/837/190 262/442/116 620/445/116 879/838/190
f 879/838/190 620/445/116 263/428/116 414/840/190
f 382/839/82 879/838/190 414/840/190 150/605/82
f 150/605/82 414/840/190 880/841/190 381/601/82
f 414/840/190 263/428/116 621/431/116 880/841/190
f 880/841/190 621/431/116 264/414/116 415/842/190
f 381/601/82 880/841/190 415/842/190 149/598/82
f 149/598/82 415/842/190 881/843/190 380/844/82
f 415/842/190 264/414/116 622/417/116 881/843/190
f 881/843/190 622/417/116 265/393/116 416/845/190
f 380/844/82 881/843/190 416/845/190 148/703/82
f 148/703/82 416/845/190 882/846/190 379/699/82
f 416/845/190 265/393/116 623/396/116 882/846/190
f 882/846/190 623/396/116 266/401/116 417/787/190
f 379/699/82 882/846/190 417/787/190 147/696/82
f 173/671/86 626/847/225 883/848/225 547/744/86
f 626/847/225 281/807/126 732/810/154 883/848/225
f 883/848/225 732/810/154 357/849/167 698/850/258
f 547/744/86 883/848/225 698/850/258 239/680/104
f 368/247/178 664/851/242 884/852/232 764/853/278
f 664/854/242 268/663/118 424/666/88 884/855/232
f 884/855/232 424/666/88 177/659/88 653/856/232
f 764/853/278 884/852/232 653/857/232 344/858/124
f 172/667/86 704/859/225 885/860/225 420/668/86
f 704/859/225 339/861/153 735/862/153 885/860/225
f 885/860/225 735/862/153 281/807/126 626/847/225
f 420/668/86 885/860/225 626/847/225 173/671/86
f 365/863/175 663/864/241 886/865/290 761/866/277
f 663/867/241 260/615/115 376/806/186 886/868/290
f 886/868/290 376/806/186 145/805/80 628/869/227
f 761/866/277 886/865/290 628/870/227 330/871/144
f 732/810/154 733/809/125 358/872/168 357/849/167
f 287/749/130 286/719/128 727/722/128 726/750/265
f 362/265/172 661/873/239 887/874/231 758/875/264
f 661/876/239 248/216/108 427/778/89 887/877/231
f 887/877/231 427/778/89 180/629/89 649/878/231
f 758/875/264 887/874/231 649/879/231 282/775/127
f 730/727/128 731/776/127 285/720/127 286/719/128
f 289/693/132 288/774/131 725/880/264 724/694/128
f 359/881/169 660/882/238 888/883/291 755/884/274
f 660/885/238 240/686/105 374/689/184 888/886/291
f 888/886/291 374/689/184 144/691/79 627/887/226
f 755/884/274 888/883/291 627/888/226 333/889/147
f 174/651/87 377/890/187 889/891/187 422/652/87
f 377/890/187 284/725/129 729/728/130 889/891/187
f 889/891/187 729/728/130 287/749/130 630/747/187
f 422/652/87 889/891/187 630/747/187 175/645/87
f 356/892/166 659/893/237 890/894/230 752/895/134
f 659/896/237 232/785/101 390/782/84 890/897/230
f 890/897/230 390/782/84 159/781/84 645/898/230
f 752/895/134 890/894/230 645/899/230 291/608/134
f 726/750/265 727/722/128 289/693/132 290/692/133
f 293/700/136 292/607/135 721/610/135 720/701/263
f 353/900/163 657/901/235 891/902/292 749/903/271
f 657/904/235 230/220/99 375/219/185 891/905/292
f 891/905/292 375/219/185 146/218/81 629/906/228
f 749/903/271 891/902/292 629/907/228 327/250/141
f 724/694/128 725/880/264 365/863/175 364/723/174
f 295/595/135 294/718/134 719/908/134 718/596/135
f 350/909/160 656/910/234 892/911/229 746/912/138
f 656/913/234 222/332/95 396/331/85 892/914/229
f 892/914/229 396/331/85 165/330/85 637/915/229
f 746/912/138 892/911/229 637/916/229 309/304/138
f 176/638/87 402/751/187 893/917/187 586/639/87
f 402/751/187 290/692/133 723/695/133 893/917/187
f 893/917/187 723/695/133 363/724/173 696/918/256
f 586/639/87 893/917/187 696/918/256 259/640/114
f 347/919/157 655/920/233 894/921/293 743/922/268
f 655/923/233 220/799/93 373/796/183 894/924/293
f 894/924/293 373/796/183 143/795/78 625/925/224
f 743/922/268 894/921/293 625/926/224 336/927/150
f 720/701/263 721/610/135 295/595/135 296/594/136
f 299/602/137 298/590/135 715/593/135 714/603/136
f 344/858/124 653/857/232 895/928/232 740/929/124
f 653/856/232 177/659/88 425/662/88 895/930/232
f 895/930/232 425/662/88 178/653/88 652/931/232
f 740/929/124 895/928/232 652/932/232 341/933/124
f 718/596/135 719/908/134 297/591/134 298/590/135
f 301/578/135 300/606/134 713/934/134 712/579/135
f 341/933/124 652/932/232 896/935/232 737/936/124
f 652/931/232 178/653/88 426/656/88 896/937/232
f 896/937/232 426/656/88 179/658/88 651/938/232
f 737/936/124 896/935/232 651/939/232 279/940/124
f 148/703/82 403/702/188 897/941/188 380/844/82
f 403/702/188 296/594/136 717/597/137 897/941/188
f 897/941/188 717/597/137 299/602/137 638/599/188
f 380/844/82 897/941/188 638/599/188 149/598/82
f 279/940/124 651/939/232 898/942/232 734/943/124
f 651/938/232 179/658/88 548/742/88 898/944/232
f 898/944/232 548/742/88 240/686/105 660/885/238
f 734/943/124 898/942/232 660/882/238 359/881/169
f 714/603/136 715/593/135 301/578/135 302/577/137
f 305/585/137 304/320/135 709/323/135 708/586/137
f 282/775/127 649/879/231 899/945/231 731/776/127
f 649/878/231 180/629/89 428/628/89 899/946/231
f 899/946/231 428/628/89 181/623/89 648/947/231
f 731/776/127 899/945/231 648/948/231 285/720/127
f 712/579/135 713/934/134 303/321/134 304/320/135
f 307/308/135 306/589/134 707/949/134 706/309/135
f 285/720/127 648/948/231 900/950/231 728/721/264
f 648/947/231 181/623/89 429/622/89 900/951/231
f 900/951/231 429/622/89 182/617/89 647/952/231
f 728/721/264 900/950/231 647/953/231 288/774/131
f 150/605/82 404/604/188 901/954/188 382/839/82
f 404/604/188 302/577/137 711/580/137 901/954/188
f 901/954/188 711/580/137 305/585/137 642/582/188
f 382/839/82 901/954/188 642/582/188 151/581/82
f 288/774/131 647/953/231 902/955/231 725/880/264
f 647/952/231 182/617/89 587/616/89 902/956/231
f 902/956/231 587/616/89 260/615/115 663/867/241
f 725/880/264 902/955/231 663/864/241 365/863/175
f 708/586/137 709/323/135 307/308/135 308/307/137
f 311/315/140 310/303/139 666/306/139 667/316/140
f 291/608/134 645/899/230 903/957/230 722/609/134
f 645/898/230 159/781/84 391/831/84 903/958/230
f 903/958/230 391/831/84 160/829/84 644/959/230
f 722/609/134 903/957/230 644/960/230 294/718/134
f 706/309/135 707/949/134 347/919/157 346/575/156
f 313/291/139 312/319/138 668/961/138 669/292/139
f 294/718/134 644/960/230 904/962/230 719/908/134
f 644/959/230 160/829/84 392/827/84 904/963/230
f 904/963/230 392/827/84 161/825/84 643/964/230
f 719/908/134 904/962/230 643/965/230 297/591/134
f 152/588/82 405/587/188 905/966/188 510/834/82
f 405/587/188 308/307/137 705/310/137 905/966/188
f 905/966/188 705/310/137 345/576/155 702/967/262
f 510/834/82 905/966/188 702/967/262 219/794/92
f 297/591/134 643/965/230 906/968/230 716/592/134
f 643/964/230 161/825/84 393/823/84 906/969/230
f 906/969/230 393/823/84 162/821/84 641/970/230
f 716/592/134 906/968/230 641/971/230 300/606/134
f 667/316/140 666/306/139 313/291/139 314/290/140
f 317/298/140 316/286/139 672/289/139 673/299/140
f 300/606/134 641/971/230 907/972/230 713/934/134
f 641/970/230 162/821/84 394/819/84 907/973/230
f 907/973/230 394/819/84 163/817/84 640/974/230
f 713/934/134 907/972/230 640/975/230 303/321/134
f 669/292/139 668/961/138 315/287/138 316/286/139
f 319/274/139 318/302/138 674/976/138 675/275/139
f 303/321/134 640/975/230 908/977/230 710/322/134
f 640/974/230 163/817/84 395/815/84 908/978/230
f 908/978/230 395/815/84 164/813/84 639/979/230
f 710/322/134 908/977/230 639/980/230 306/589/134
f 154/318/83 502/317/192 909/981/192 386/377/83
f 502/317/192 314/290/140 670/293/140 909/981/192
f 909/981/192 670/293/140 317/298/140 650/295/192
f 386/377/83 909/981/192 650/295/192 155/294/83
f 306/589/134 639/980/230 910/982/230 707/949/134
f 639/979/230 164/813/84 511/811/84 910/983/230
f 910/983/230 511/811/84 220/799/93 655/923/233
f 707/949/134 910/982/230 655/920/233 347/919/157
f 673/299/140 672/289/139 319/274/139 320/273/140
f 323/281/140 322/267/139 678/270/139 679/282/140
f 309/304/138 637/916/229 911/984/229 665/305/138
f 637/915/229 165/330/85 397/338/85 911/985/229
f 911/985/229 397/338/85 166/337/85 636/986/229
f 665/305/138 911/984/229 636/987/229 312/319/138
f 675/275/139 674/976/138 321/268/138 322/267/139
f 325/256/139 324/285/138 680/988/138 681/257/139
f 312/319/138 636/987/229 912/989/229 668/961/138
f 636/986/229 166/337/85 398/344/85 912/990/229
f 912/990/229 398/344/85 167/343/85 635/991/229
f 668/961/138 912/989/229 635/992/229 315/287/138
f 156/301/83 503/300/192 913/993/192 388/386/83
f 503/300/192 320/273/140 676/276/140 913/993/192
f 913/993/192 676/276/140 323/281/140 654/278/192
f 388/386/83 913/993/192 654/278/192 157/277/83
f 315/287/138 635/992/229 914/994/229 671/288/138
f 635/991/229 167/343/85 399/350/85 914/995/229
f 914/995/229 399/350/85 168/349/85 633/996/229
f 671/288/138 914/994/229 633/997/229 318/302/138
f 679/282/140 678/270/139 325/256/139 326/255/140
f 329/261/143 328/249/142 684/252/244 685/262/245
f 318/302/138 633/997/229 915/998/229 674/976/138
f 633/996/229 168/349/85 400/356/85 915/999/229
f 915/999/229 400/356/85 169/355/85 632/1000/229
f 674/976/138 915/998/229 632/1001/229 321/268/138
f 681/257/139 680/988/138 353/900/163 352/271/162
f 334/233/148 333/889/147 686/1002/246 687/234/247
f 321/268/138 632/1001/229 916/1003/229 677/269/138
f 632/1000/229 169/355/85 401/362/85 916/1004/229
f 916/1004/229 401/362/85 170/361/85 631/1005/229
f 677/269/138 916/1003/229 631/1006/229 324/285/138
f 158/284/83 528/283/192 917/1007/192 529/734/83
f 528/283/192 326/255/140 682/258/140 917/1007/192
f 917/1007/192 682/258/140 351/272/161 700/1008/260
f 529/734/83 917/1007/192 700/1008/260 229/207/98
f 324/285/138 631/1006/229 918/1009/229 680/988/138
f 631/1005/229 170/361/85 530/731/85 918/1010/229
f 918/1010/229 530/731/85 230/220/99 657/904/235
f 680/988/138 918/1009/229 657/901/235 353/900/163
f 685/262/245 684/252/244 361/266/171 360/263/170
f 338/240/152 337/1011/151 690/245/250 691/241/251
f 327/250/141 629/907/228 919/1012/294 683/251/243
f 629/906/228 146/218/81 556/217/205 919/1013/294
f 919/1013/294 556/217/205 248/216/108 661/876/239
f 683/251/243 919/1012/294 661/873/239 362/265/172
f 687/234/247 686/1002/246 350/909/160 349/253/159
f 331/1014/145 330/871/144 692/1015/252 693/230/253
f 333/889/147 627/888/226 920/1016/295 686/1002/246
f 627/887/226 144/691/79 513/690/195 920/1017/295
f 920/1017/295 513/690/195 222/332/95 656/913/234
f 686/1002/246 920/1016/295 656/910/234 350/909/160
f 140/684/75 662/1018/240 921/1019/296 512/685/194
f 662/1018/240 335/232/149 688/235/248 921/1019/296
f 921/1019/296 688/235/248 348/254/158 701/1020/261
f 512/685/194 921/1019/296 701/1020/261 221/367/94
f 336/927/150 625/926/224 922/1021/297 689/246/249
f 625/925/224 143/795/78 595/798/215 922/1022/297
f 922/1022/297 595/798/215 268/663/118 664/854/242
f 689/246/249 922/1021/297 664/851/242 368/247/178
f 691/241/251 690/245/250 367/248/177 366/242/176
f 339/861/153 340/1023/125 736/1024/125 735/862/153
f 330/871/144 628/870/227 923/1025/298 692/1015/252
f 628/869/227 145/805/80 532/803/200 923/1026/298
f 923/1026/298 532/803/200 232/785/101 659/896/237
f 692/1015/252 923/1025/298 659/893/237 356/892/166
f 693/230/253 692/1015/252 356/892/166 355/231/165
f 280/808/125 279/940/124 734/943/124 733/809/125
f 733/809/125 734/943/124 359/881/169 358/872/168
f 340/1023/125 341/933/124 737/936/124 736/1024/125
f 735/862/153 736/1024/125 280/808/125 281/807/126
f 342/1027/154 343/1028/125 739/1029/125 738/1030/126
f 736/1024/125 737/936/124 279/940/124 280/808/125
f 343/1028/125 344/858/124 740/929/124 739/1029/125
f 171/673/86 703/1031/225 924/1032/225 419/674/86
f 703/1031/225 342/1027/154 738/1030/126 924/1032/225
f 924/1032/225 738/1030/126 339/861/153 704/859/225
f 419/674/86 924/1032/225 704/859/225 172/667/86
f 738/1030/126 739/1029/125 340/1023/125 339/861/153
f 345/576/155 346/575/156 742/1033/267 741/1034/266
f 739/1029/125 740/929/124 341/933/124 340/1023/125
f 346/575/156 347/919/157 743/922/268 742/1033/267
f 219/794/92 702/967/262 925/1035/299 369/792/179
f 702/967/262 345/576/155 741/1034/266 925/1035/299
f 925/1035/299 741/1034/266 338/240/152 624/237/223
f 369/792/179 925/1035/299 624/237/223 139/236/74
f 741/1034/266 742/1033/267 337/1011/151 338/240/152
f 348/254/158 349/253/159 745/1036/139 744/1037/140
f 742/1033/267 743/922/268 336/927/150 337/1011/151
f 349/253/159 350/909/160 746/912/138 745/1036/139
f 221/367/94 701/1020/261 926/1038/192 384/368/83
f 701/1020/261 348/254/158 744/1037/140 926/1038/192
f 926/1038/192 744/1037/140 311/315/140 646/312/192
f 384/368/83 926/1038/192 646/312/192 153/311/83
f 744/1037/140 745/1036/139 310/303/139 311/315/140
f 351/272/161 352/271/162 748/1039/270 747/1040/269
f 745/1036/139 746/912/138 309/304/138 310/303/139
f 352/271/162 353/900/163 749/903/271 748/1039/270
f 229/207/98 700/1008/260 927/1041/300 371/208/181
f 700/1008/260 351/272/161 747/1040/269 927/1041/300
f 927/1041/300 747/1040/269 329/261/143 658/259/236
f 371/208/181 927/1041/300 658/259/236 142/209/77
f 747/1040/269 748/1039/270 328/249/142 329/261/143
f 354/227/164 355/231/165 751/1042/135 750/1043/136
f 748/1039/270 749/903/271 327/250/141 328/249/142
f 355/231/165 356/892/166 752/895/134 751/1042/135
f 231/229/100 699/228/259 928/1044/188 378/789/82
f 699/228/259 354/227/164 750/1043/136 928/1044/188
f 928/1044/188 750/1043/136 293/700/136 634/697/188
f 378/789/82 928/1044/188 634/697/188 147/696/82
f 750/1043/136 751/1042/135 292/607/135 293/700/136
f 357/849/167 358/872/168 754/1045/273 753/1046/272
f 751/1042/135 752/895/134 291/608/134 292/607/135
f 358/872/168 359/881/169 755/884/274 754/1045/273
f 239/680/104 698/850/258 929/1047/301 370/681/180
f 698/850/258 357/849/167 753/1046/272 929/1047/301
f 929/1047/301 753/1046/272 335/232/149 662/1018/240
f 370/681/180 929/1047/301 662/1018/240 140/684/75
f 753/1046/272 754/1045/273 334/233/148 335/232/149
f 360/263/170 361/266/171 757/1048/128 756/1049/129
f 754/1045/273 755/884/274 333/889/147 334/233/148
f 361/266/171 362/265/172 758/875/264 757/1048/128
f 247/211/107 697/264/257 930/1050/187 421/780/87
f 697/264/257 360/263/170 756/1049/129 930/1050/187
f 930/1050/187 756/1049/129 284/725/129 377/890/187
f 421/780/87 930/1050/187 377/890/187 174/651/87
f 756/1049/129 757/1048/128 283/726/128 284/725/129
f 363/724/173 364/723/174 760/1051/276 759/1052/275
f 757/1048/128 758/875/264 282/775/127 283/726/128
f 364/723/174 365/863/175 761/866/277 760/1051/276
f 259/640/114 696/918/256 931/1053/302 372/802/182
f 696/918/256 363/724/173 759/1052/275 931/1053/302
f 931/1053/302 759/1052/275 332/225/146 571/222/211
f 372/802/182 931/1053/302 571/222/211 141/221/76
f 759/1052/275 760/1051/276 331/1014/145 332/225/146
f 366/242/176 367/248/177 763/1054/125 762/1055/153
f 760/1051/276 761/866/277 330/871/144 331/1014/145
f 367/248/177 368/247/178 764/853/278 763/1054/125
f 267/244/117 695/243/255 932/1056/225 418/677/86
f 695/243/255 366/242/176 762/1055/153 932/1056/225
f 932/1056/225 762/1055/153 342/1027/154 703/1031/225
f 418/677/86 932/1056/225 703/1031/225 171/673/86
f 762/1055/153 763/1054/125 343/1028/125 342/1027/154
f 337/1011/151 336/927/150 689/246/249 690/245/250
f 763/1054/125 764/853/278 344/858/124 343/1028/125
f 332/225/146 331/1014/145 693/230/253 694/226/254
o Step
v 0.792480 0.000000 -0.533400
v 0.792480 0.152400 -0.533400
v 0.792480 0.000000 -0.838200
v 0.792480 0.152400 -0.838200
v 2.011680 0.000000 -0.533400
v 2.011680 0.152400 -0.533400
v 2.011680 0.000000 -0.838200
v 2.011680 0.152400 -0.838200
v 0.792480 0.000000 -0.812800
v 0.792480 0.304800 -0.812800
v 0.792480 0.000000 -1.117600
v 0.792480 0.304800 -1.117600
v 2.011680 0.000000 -0.812800
v 2.011680 0.304800 -0.812800
v 2.011680 0.000000 -1.117600
v 2.011680 0.304800 -1.117600
v 0.792480 -0.000000 -1.117600
v 0.792480 0.457200 -1.117600
v 0.792480 -0.000000 -1.422400
v 0.792480 0.457200 -1.422400
v 2.011680 -0.000000 -1.117600
v 2.011680 0.457200 -1.117600
v 2.011680 -0.000000 -1.422400
v 2.011680 0.457200 -1.422400
vn -1.0000 -0.0000 -0.0000
vn -0.0000 -0.0000 -1.0000
vn 1.0000 -0.0000 -0.0000
vn -0.0000 -0.0000 1.0000
vn -0.0000 -1.0000 -0.0000
vn -0.0000 1.0000 -0.0000
vt 0.375000 0.000000
vt 0.625000 0.000000
vt 0.625000 0.250000
vt 0.375000 0.250000
vt 0.625000 0.500000
vt 0.375000 0.500000
vt 0.625000 0.750000
vt 0.375000 0.750000
vt 0.998824 0.001289
vt 0.998824 1.005314
vt 0.001002 1.005314
vt 0.001002 0.001289
vt 0.125000 0.500000
vt 0.125000 0.750000
vt 0.875000 0.500000
vt 0.875000 0.750000
s 0
usemtl Material.005
f 933/1057/303 934/1058/303 936/1059/303 935/1060/303
f 935/1060/304 936/1059/304 940/1061/304 939/1062/304
f 939/1062/305 940/1061/305 938/1063/305 937/1064/305
f 937/1065/306 938/1066/306 934/1067/306 933/1068/306
f 935/1069/307 939/1062/307 937/1064/307 933/1070/307
f 940/1061/308 936/1071/308 934/1072/308 938/1063/308
f 941/1057/303 942/1058/303 944/1059/303 943/1060/303
f 943/1060/304 944/1059/304 948/1061/304 947/1062/304
f 947/1062/305 948/1061/305 946/1063/305 945/1064/305
f 945/1065/306 946/1066/306 942/1067/306 941/1068/306
f 943/1069/307 947/1062/307 945/1064/307 941/1070/307
f 948/1061/308 944/1071/308 942/1072/308 946/1063/308
f 949/1057/303 950/1058/303 952/1059/303 951/1060/303
f 951/1060/304 952/1059/304 956/1061/304 955/1062/304
f 955/1062/305 956/1061/305 954/1063/305 953/1064/305
f 953/1065/306 954/1066/306 950/1067/306 949/1068/306
f 951/1069/307 955/1062/307 953/1064/307 949/1070/307
f 956/1061/308 952/1071/308 950/1072/308 954/1063/308
o Step.001
v -1.676400 0.000000 -0.533400
v -1.676400 0.152400 -0.533400
v -1.676400 0.000000 -0.838200
v -1.676400 0.152400 -0.838200
v -0.457200 0.000000 -0.533400
v -0.457200 0.152400 -0.533400
v -0.457200 0.000000 -0.838200
v -0.457200 0.152400 -0.838200
v -1.676400 0.000000 -0.812800
v -1.676400 0.304800 -0.812800
v -1.676400 0.000000 -1.117600
v -1.676400 0.304800 -1.117600
v -0.457200 0.000000 -0.812800
v -0.457200 0.304800 -0.812800
v -0.457200 0.000000 -1.117600
v -0.457200 0.304800 -1.117600
v -1.676400 -0.000000 -1.117600
v -1.676400 0.457200 -1.117600
v -1.676400 -0.000000 -1.422400
v -1.676400 0.457200 -1.422400
v -0.457200 -0.000000 -1.117600
v -0.457200 0.457200 -1.117600
v -0.457200 -0.000000 -1.422400
v -0.457200 0.457200 -1.422400
vn -1.0000 -0.0000 -0.0000
vn -0.0000 -0.0000 -1.0000
vn 1.0000 -0.0000 -0.0000
vn -0.0000 -0.0000 1.0000
vn -0.0000 -1.0000 -0.0000
vn -0.0000 1.0000 -0.0000
vt 0.375000 0.000000
vt 0.625000 0.000000
vt 0.625000 0.250000
vt 0.375000 0.250000
vt 0.625000 0.500000
vt 0.375000 0.500000
vt 0.625000 0.750000
vt 0.375000 0.750000
vt 0.998824 0.001289
vt 0.998824 1.005314
vt 0.001002 1.005314
vt 0.001002 0.001289
vt 0.125000 0.500000
vt 0.125000 0.750000
vt 0.875000 0.500000
vt 0.875000 0.750000
s 0
usemtl Material.005
f 957/1073/309 958/1074/309 960/1075/309 959/1076/309
f 959/1076/310 960/1075/310 964/1077/310 963/1078/310
f 963/1078/311 964/1077/311 962/1079/311 961/1080/311
f 961/1081/312 962/1082/312 958/1083/312 957/1084/312
f 959/1085/313 963/1078/313 961/1080/313 957/1086/313
f 964/1077/314 960/1087/314 958/1088/314 962/1079/314
f 965/1073/309 966/1074/309 968/1075/309 967/1076/309
f 967/1076/310 968/1075/310 972/1077/310 971/1078/310
f 971/1078/311 972/1077/311 970/1079/311 969/1080/311
f 969/1081/312 970/1082/312 966/1083/312 965/1084/312
f 967/1085/313 971/1078/313 969/1080/313 965/1086/313
f 972/1077/314 968/1087/314 966/1088/314 970/1079/314
f 973/1073/309 974/1074/309 976/1075/309 975/1076/309
f 975/1076/310 976/1075/310 980/1077/310 979/1078/310
f 979/1078/311 980/1077/311 978/1079/311 977/1080/311
f 977/1081/312 978/1082/312 974/1083/312 973/1084/312
f 975/1085/313 979/1078/313 977/1080/313 973/1086/313
f 980/1077/314 976/1087/314 974/1088/314 978/1079/314
o LED_strip.002
v -3.079145 3.607327 -7.454760
v -3.048665 3.607327 -7.454760
v -3.079145 3.607327 -7.485240
v -3.048665 3.607327 -7.485240
v -3.079145 0.955568 -7.454760
v -3.048665 0.955568 -7.454760
v -3.079145 0.955568 -7.485240
v -3.048665 0.955568 -7.485240
vn -0.0000 1.0000 -0.0000
vn -0.0000 -0.0000 -1.0000
vn -0.0000 -1.0000 -0.0000
vn -0.0000 -0.0000 1.0000
vn -1.0000 -0.0000 -0.0000
vn 1.0000 -0.0000 -0.0000
vt 0.375000 0.000000
vt 0.625000 0.000000
vt 0.625000 0.250000
vt 0.375000 0.250000
vt 0.625000 0.500000
vt 0.375000 0.500000
vt 0.625000 0.750000
vt 0.375000 0.750000
vt 0.625000 1.000000
vt 0.375000 1.000000
vt 0.125000 0.500000
vt 0.125000 0.750000
vt 0.875000 0.500000
vt 0.875000 0.750000
s 0
usemtl Material.006
f 981/1089/315 982/1090/315 984/1091/315 983/1092/315
f 983/1092/316 984/1091/316 988/1093/316 987/1094/316
f 987/1094/317 988/1093/317 986/1095/317 985/1096/317
f 985/1096/318 986/1095/318 982/1097/318 981/1098/318
f 983/1099/319 987/1094/319 985/1096/319 981/1100/319
f 988/1093/320 984/1101/320 982/1102/320 986/1095/320
o LED_strip.001
v -3.184991 3.227826 -7.454920
v -3.154511 3.227826 -7.454920
v -3.184991 3.227826 -7.485400
v -3.154511 3.227826 -7.485400
v -3.184991 0.941826 -7.454920
v -3.154511 0.941826 -7.454920
v -3.184991 0.941826 -7.485400
v -3.154511 0.941826 -7.485400
vn -0.0000 1.0000 -0.0000
vn -0.0000 -0.0000 -1.0000
vn -0.0000 -1.0000 -0.0000
vn -0.0000 -0.0000 1.0000
vn -1.0000 -0.0000 -0.0000
vn 1.0000 -0.0000 -0.0000
vt 0.375000 0.000000
vt 0.625000 0.000000
vt 0.625000 0.250000
vt 0.375000 0.250000
vt 0.625000 0.500000
vt 0.375000 0.500000
vt 0.625000 0.750000
vt 0.375000 0.750000
vt 0.625000 1.000000
vt 0.375000 1.000000
vt 0.125000 0.500000
vt 0.125000 0.750000
vt 0.875000 0.500000
vt 0.875000 0.750000
s 0
usemtl Material.006
f 989/1103/321 990/1104/321 992/1105/321 991/1106/321
f 991/1106/322 992/1105/322 996/1107/322 995/1108/322
f 995/1108/323 996/1107/323 994/1109/323 993/1110/323
f 993/1110/324 994/1109/324 990/1111/324 989/1112/324
f 991/1113/325 995/1108/325 993/1110/325 989/1114/325
f 996/1107/326 992/1115/326 990/1116/326 994/1109/326
o LED_strip.003
v 3.063497 3.634465 -7.454760
v 3.093977 3.634465 -7.454760
v 3.063497 3.634465 -7.485240
v 3.093977 3.634465 -7.485240
v 3.063497 0.982705 -7.454760
v 3.093977 0.982705 -7.454760
v 3.063497 0.982705 -7.485240
v 3.093977 0.982705 -7.485240
vn -0.0000 1.0000 -0.0000
vn -0.0000 -0.0000 -1.0000
vn -0.0000 -1.0000 -0.0000
vn -0.0000 -0.0000 1.0000
vn -1.0000 -0.0000 -0.0000
vn 1.0000 -0.0000 -0.0000
vt 0.375000 0.000000
vt 0.625000 0.000000
vt 0.625000 0.250000
vt 0.375000 0.250000
vt 0.625000 0.500000
vt 0.375000 0.500000
vt 0.625000 0.750000
vt 0.375000 0.750000
vt 0.625000 1.000000
vt 0.375000 1.000000
vt 0.125000 0.500000
vt 0.125000 0.750000
vt 0.875000 0.500000
vt 0.875000 0.750000
s 0
usemtl Material.006
f 997/1117/327 998/1118/327 1000/1119/327 999/1120/327
f 999/1120/328 1000/1119/328 1004/1121/328 1003/1122/328
f 1003/1122/329 1004/1121/329 1002/1123/329 1001/1124/329
f 1001/1124/330 1002/1123/330 998/1125/330 997/1126/330
f 999/1127/331 1003/1122/331 1001/1124/331 997/1128/331
f 1004/1121/332 1000/1129/332 998/1130/332 1002/1123/332
o LED_strip.004
v 3.153634 3.263146 -7.439519
v 3.184114 3.263146 -7.439519
v 3.153634 3.263146 -7.470000
v 3.184114 3.263146 -7.470000
v 3.153634 0.977146 -7.439519
v 3.184114 0.977146 -7.439519
v 3.153634 0.977146 -7.470000
v 3.184114 0.977146 -7.470000
vn -0.0000 1.0000 -0.0000
vn -0.0000 -0.0000 -1.0000
vn -0.0000 -1.0000 -0.0000
vn -0.0000 -0.0000 1.0000
vn -1.0000 -0.0000 -0.0000
vn 1.0000 -0.0000 -0.0000
vt 0.375000 0.000000
vt 0.625000 0.000000
vt 0.625000 0.250000
vt 0.375000 0.250000
vt 0.625000 0.500000
vt 0.375000 0.500000
vt 0.625000 0.750000
vt 0.375000 0.750000
vt 0.625000 1.000000
vt 0.375000 1.000000
vt 0.125000 0.500000
vt 0.125000 0.750000
vt 0.875000 0.500000
vt 0.875000 0.750000
s 0
usemtl Material.006
f 1005/1131/333 1006/1132/333 1008/1133/333 1007/1134/333
f 1007/1134/334 1008/1133/334 1012/1135/334 1011/1136/334
f 1011/1136/335 1012/1135/335 1010/1137/335 1009/1138/335
f 1009/1138/336 1010/1137/336 1006/1139/336 1005/1140/336
f 1007/1141/337 1011/1136/337 1009/1138/337 1005/1142/337
f 1012/1135/338 1008/1143/338 1006/1144/338 1010/1137/338
o LED_strip.014
v -4.869401 4.017638 -7.454760
v -4.838922 4.017638 -7.454760
v -4.869401 4.017638 -7.485240
v -4.838922 4.017638 -7.485240
v -4.869402 0.969638 -7.454760
v -4.838922 0.969638 -7.454760
v -4.869402 0.969638 -7.485240
v -4.838922 0.969638 -7.485240
vn -0.0000 1.0000 -0.0000
vn -0.0000 -0.0000 -1.0000
vn -0.0000 -1.0000 -0.0000
vn -0.0000 -0.0000 1.0000
vn -1.0000 -0.0000 -0.0000
vn 1.0000 -0.0000 -0.0000
vt 0.375000 0.000000
vt 0.625000 0.000000
vt 0.625000 0.250000
vt 0.375000 0.250000
vt 0.625000 0.500000
vt 0.375000 0.500000
vt 0.625000 0.750000
vt 0.375000 0.750000
vt 0.625000 1.000000
vt 0.375000 1.000000
vt 0.125000 0.500000
vt 0.125000 0.750000
vt 0.875000 0.500000
vt 0.875000 0.750000
s 0
usemtl Material.006
f 1013/1145/339 1014/1146/339 1016/1147/339 1015/1148/339
f 1015/1148/340 1016/1147/340 1020/1149/340 1019/1150/340
f 1019/1150/341 1020/1149/341 1018/1151/341 1017/1152/341
f 1017/1152/342 1018/1151/342 1014/1153/342 1013/1154/342
f 1015/1155/343 1019/1150/343 1017/1152/343 1013/1156/343
f 1020/1149/344 1016/1157/344 1014/1158/344 1018/1151/344
o LED_strip.015
v 4.802815 4.013364 -7.454760
v 4.833295 4.013364 -7.454760
v 4.802815 4.013364 -7.485240
v 4.833295 4.013364 -7.485240
v 4.802815 0.965364 -7.454760
v 4.833295 0.965364 -7.454760
v 4.802815 0.965364 -7.485240
v 4.833295 0.965364 -7.485240
vn -0.0000 1.0000 -0.0000
vn -0.0000 -0.0000 -1.0000
vn -0.0000 -1.0000 -0.0000
vn -0.0000 -0.0000 1.0000
vn -1.0000 -0.0000 -0.0000
vn 1.0000 -0.0000 -0.0000
vt 0.375000 0.000000
vt 0.625000 0.000000
vt 0.625000 0.250000
vt 0.375000 0.250000
vt 0.625000 0.500000
vt 0.375000 0.500000
vt 0.625000 0.750000
vt 0.375000 0.750000
vt 0.625000 1.000000
vt 0.375000 1.000000
vt 0.125000 0.500000
vt 0.125000 0.750000
vt 0.875000 0.500000
vt 0.875000 0.750000
s 0
usemtl Material.006
f 1021/1159/345 1022/1160/345 1024/1161/345 1023/1162/345
f 1023/1162/346 1024/1161/346 1028/1163/346 1027/1164/346
f 1027/1164/347 1028/1163/347 1026/1165/347 1025/1166/347
f 1025/1166/348 1026/1165/348 1022/1167/348 1021/1168/348
f 1023/1169/349 1027/1164/349 1025/1166/349 1021/1170/349
f 1028/1163/350 1024/1171/350 1022/1172/350 1026/1165/350
o LED_strip.005
v 7.369560 3.727315 -5.196840
v 7.400040 3.727315 -5.196840
v 7.369560 3.727315 -5.227320
v 7.400040 3.727315 -5.227320
v 7.369559 0.008755 -5.196840
v 7.400039 0.008755 -5.196840
v 7.369559 0.008755 -5.227320
v 7.400039 0.008755 -5.227320
vn -0.0000 1.0000 -0.0000
vn -0.0000 -0.0000 -1.0000
vn -0.0000 -1.0000 -0.0000
vn -0.0000 -0.0000 1.0000
vn -1.0000 -0.0000 -0.0000
vn 1.0000 -0.0000 -0.0000
vt 0.375000 0.000000
vt 0.625000 0.000000
vt 0.625000 0.250000
vt 0.375000 0.250000
vt 0.625000 0.500000
vt 0.375000 0.500000
vt 0.625000 0.750000
vt 0.375000 0.750000
vt 0.625000 1.000000
vt 0.375000 1.000000
vt 0.125000 0.500000
vt 0.125000 0.750000
vt 0.875000 0.500000
vt 0.875000 0.750000
s 0
usemtl Material.006
f 1029/1173/351 1030/1174/351 1032/1175/351 1031/1176/351
f 1031/1176/352 1032/1175/352 1036/1177/352 1035/1178/352
f 1035/1178/353 1036/1177/353 1034/1179/353 1033/1180/353
f 1033/1180/354 1034/1179/354 1030/1181/354 1029/1182/354
f 1031/1183/355 1035/1178/355 1033/1180/355 1029/1184/355
f 1036/1177/356 1032/1185/356 1030/1186/356 1034/1179/356
o LED_strip.006
v 7.467730 3.831326 -5.196840
v 7.498209 3.831326 -5.196840
v 7.467730 3.831326 -5.227320
v 7.498209 3.831326 -5.227320
v 7.467729 0.021326 -5.196840
v 7.498209 0.021326 -5.196840
v 7.467729 0.021326 -5.227320
v 7.498209 0.021326 -5.227320
vn -0.0000 1.0000 -0.0000
vn -0.0000 -0.0000 -1.0000
vn -0.0000 -1.0000 -0.0000
vn -0.0000 -0.0000 1.0000
vn -1.0000 -0.0000 -0.0000
vn 1.0000 -0.0000 -0.0000
vt 0.375000 0.000000
vt 0.625000 0.000000
vt 0.625000 0.250000
vt 0.375000 0.250000
vt 0.625000 0.500000
vt 0.375000 0.500000
vt 0.625000 0.750000
vt 0.375000 0.750000
vt 0.625000 1.000000
vt 0.375000 1.000000
vt 0.125000 0.500000
vt 0.125000 0.750000
vt 0.875000 0.500000
vt 0.875000 0.750000
s 0
usemtl Material.006
f 1037/1187/357 1038/1188/357 1040/1189/357 1039/1190/357
f 1039/1190/358 1040/1189/358 1044/1191/358 1043/1192/358
f 1043/1192/359 1044/1191/359 1042/1193/359 1041/1194/359
f 1041/1194/360 1042/1193/360 1038/1195/360 1037/1196/360
f 1039/1197/361 1043/1192/361 1041/1194/361 1037/1198/361
f 1044/1191/362 1040/1199/362 1038/1200/362 1042/1193/362
o LED_strip.007
v 4.901481 3.730198 -5.227320
v 4.901481 3.760678 -5.227320
v 4.901481 3.730198 -5.257800
v 4.901481 3.760678 -5.257800
v 7.400841 3.730198 -5.227320
v 7.400841 3.760678 -5.227320
v 7.400841 3.730198 -5.257800
v 7.400841 3.760678 -5.257800
vn -1.0000 -0.0000 -0.0000
vn -0.0000 -0.0000 -1.0000
vn 1.0000 -0.0000 -0.0000
vn -0.0000 -0.0000 1.0000
vn -0.0000 -1.0000 -0.0000
vn -0.0000 1.0000 -0.0000
vt 0.375000 0.000000
vt 0.625000 0.000000
vt 0.625000 0.250000
vt 0.375000 0.250000
vt 0.625000 0.500000
vt 0.375000 0.500000
vt 0.625000 0.750000
vt 0.375000 0.750000
vt 0.625000 1.000000
vt 0.375000 1.000000
vt 0.125000 0.500000
vt 0.125000 0.750000
vt 0.875000 0.500000
vt 0.875000 0.750000
s 0
usemtl Material.006
f 1045/1201/363 1046/1202/363 1048/1203/363 1047/1204/363
f 1047/1204/364 1048/1203/364 1052/1205/364 1051/1206/364
f 1051/1206/365 1052/1205/365 1050/1207/365 1049/1208/365
f 1049/1208/366 1050/1207/366 1046/1209/366 1045/1210/366
f 1047/1211/367 1051/1206/367 1049/1208/367 1045/1212/367
f 1052/1205/368 1048/1213/368 1046/1214/368 1050/1207/368
o LED_strip.008
v 5.217973 3.823882 -5.227319
v 5.217973 3.854362 -5.227319
v 5.217973 3.823882 -5.257800
v 5.217973 3.854362 -5.257800
v 7.503973 3.823882 -5.227319
v 7.503973 3.854362 -5.227319
v 7.503973 3.823882 -5.257800
v 7.503973 3.854362 -5.257800
vn -1.0000 -0.0000 -0.0000
vn -0.0000 -0.0000 -1.0000
vn 1.0000 -0.0000 -0.0000
vn -0.0000 -0.0000 1.0000
vn -0.0000 -1.0000 -0.0000
vn -0.0000 1.0000 -0.0000
vt 0.375000 0.000000
vt 0.625000 0.000000
vt 0.625000 0.250000
vt 0.375000 0.250000
vt 0.625000 0.500000
vt 0.375000 0.500000
vt 0.625000 0.750000
vt 0.375000 0.750000
vt 0.625000 1.000000
vt 0.375000 1.000000
vt 0.125000 0.500000
vt 0.125000 0.750000
vt 0.875000 0.500000
vt 0.875000 0.750000
s 0
usemtl Material.006
f 1053/1215/369 1054/1216/369 1056/1217/369 1055/1218/369
f 1055/1218/370 1056/1217/370 1060/1219/370 1059/1220/370
f 1059/1220/371 1060/1219/371 1058/1221/371 1057/1222/371
f 1057/1222/372 1058/1221/372 1054/1223/372 1053/1224/372
f 1055/1225/373 1059/1220/373 1057/1222/373 1053/1226/373
f 1060/1219/374 1056/1227/374 1054/1228/374 1058/1221/374
o LED_strip.009
v -7.459955 3.727315 -5.196840
v -7.429475 3.727315 -5.196840
v -7.459955 3.727315 -5.227320
v -7.429475 3.727315 -5.227320
v -7.459956 0.008755 -5.196840
v -7.429476 0.008755 -5.196840
v -7.459956 0.008755 -5.227320
v -7.429476 0.008755 -5.227320
vn -0.0000 1.0000 -0.0000
vn -0.0000 -0.0000 -1.0000
vn -0.0000 -1.0000 -0.0000
vn -0.0000 -0.0000 1.0000
vn -1.0000 -0.0000 -0.0000
vn 1.0000 -0.0000 -0.0000
vt 0.375000 0.000000
vt 0.625000 0.000000
vt 0.625000 0.250000
vt 0.375000 0.250000
vt 0.625000 0.500000
vt 0.375000 0.500000
vt 0.625000 0.750000
vt 0.375000 0.750000
vt 0.625000 1.000000
vt 0.375000 1.000000
vt 0.125000 0.500000
vt 0.125000 0.750000
vt 0.875000 0.500000
vt 0.875000 0.750000
s 0
usemtl Material.006
f 1061/1229/375 1062/1230/375 1064/1231/375 1063/1232/375
f 1063/1232/376 1064/1231/376 1068/1233/376 1067/1234/376
f 1067/1234/377 1068/1233/377 1066/1235/377 1065/1236/377
f 1065/1236/378 1066/1235/378 1062/1237/378 1061/1238/378
f 1063/1239/379 1067/1234/379 1065/1236/379 1061/1240/379
f 1068/1233/380 1064/1241/380 1062/1242/380 1066/1235/380
o LED_strip.010
v -7.561330 3.831326 -5.196840
v -7.530850 3.831326 -5.196840
v -7.561330 3.831326 -5.227320
v -7.530850 3.831326 -5.227320
v -7.561331 0.021326 -5.196840
v -7.530851 0.021326 -5.196840
v -7.561331 0.021326 -5.227320
v -7.530851 0.021326 -5.227320
vn -0.0000 1.0000 -0.0000
vn -0.0000 -0.0000 -1.0000
vn -0.0000 -1.0000 -0.0000
vn -0.0000 -0.0000 1.0000
vn -1.0000 -0.0000 -0.0000
vn 1.0000 -0.0000 -0.0000
vt 0.375000 0.000000
vt 0.625000 0.000000
vt 0.625000 0.250000
vt 0.375000 0.250000
vt 0.625000 0.500000
vt 0.375000 0.500000
vt 0.625000 0.750000
vt 0.375000 0.750000
vt 0.625000 1.000000
vt 0.375000 1.000000
vt 0.125000 0.500000
vt 0.125000 0.750000
vt 0.875000 0.500000
vt 0.875000 0.750000
s 0
usemtl Material.006
f 1069/1243/381 1070/1244/381 1072/1245/381 1071/1246/381
f 1071/1246/382 1072/1245/382 1076/1247/382 1075/1248/382
f 1075/1248/383 1076/1247/383 1074/1249/383 1073/1250/383
f 1073/1250/384 1074/1249/384 1070/1251/384 1069/1252/384
f 1071/1253/385 1075/1248/385 1073/1250/385 1069/1254/385
f 1076/1247/386 1072/1255/386 1070/1256/386 1074/1249/386
o LED_strip.011
v -7.449867 3.730198 -5.227320
v -7.449867 3.760678 -5.227320
v -7.449867 3.730198 -5.257800
v -7.449867 3.760678 -5.257800
v -4.950507 3.730198 -5.227320
v -4.950507 3.760678 -5.227320
v -4.950507 3.730198 -5.257800
v -4.950507 3.760678 -5.257800
vn -1.0000 -0.0000 -0.0000
vn -0.0000 -0.0000 -1.0000
vn 1.0000 -0.0000 -0.0000
vn -0.0000 -0.0000 1.0000
vn -0.0000 -1.0000 -0.0000
vn -0.0000 1.0000 -0.0000
vt 0.375000 0.000000
vt 0.625000 0.000000
vt 0.625000 0.250000
vt 0.375000 0.250000
vt 0.625000 0.500000
vt 0.375000 0.500000
vt 0.625000 0.750000
vt 0.375000 0.750000
vt 0.625000 1.000000
vt 0.375000 1.000000
vt 0.125000 0.500000
vt 0.125000 0.750000
vt 0.875000 0.500000
vt 0.875000 0.750000
s 0
usemtl Material.006
f 1077/1257/387 1078/1258/387 1080/1259/387 1079/1260/387
f 1079/1260/388 1080/1259/388 1084/1261/388 1083/1262/388
f 1083/1262/389 1084/1261/389 1082/1263/389 1081/1264/389
f 1081/1264/390 1082/1263/390 1078/1265/390 1077/1266/390
f 1079/1267/391 1083/1262/391 1081/1264/391 1077/1268/391
f 1084/1261/392 1080/1269/392 1078/1270/392 1082/1263/392
o LED_strip.012
v -7.554329 3.823882 -5.227319
v -7.554329 3.854362 -5.227319
v -7.554329 3.823882 -5.257800
v -7.554329 3.854362 -5.257800
v -5.268329 3.823882 -5.227319
v -5.268329 3.854362 -5.227319
v -5.268329 3.823882 -5.257800
v -5.268329 3.854362 -5.257800
vn -1.0000 -0.0000 -0.0000
vn -0.0000 -0.0000 -1.0000
vn 1.0000 -0.0000 -0.0000
vn -0.0000 -0.0000 1.0000
vn -0.0000 -1.0000 -0.0000
vn -0.0000 1.0000 -0.0000
vt 0.375000 0.000000
vt 0.625000 0.000000
vt 0.625000 0.250000
vt 0.375000 0.250000
vt 0.625000 0.500000
vt 0.375000 0.500000
vt 0.625000 0.750000
vt 0.375000 0.750000
vt 0.625000 1.000000
vt 0.375000 1.000000
vt 0.125000 0.500000
vt 0.125000 0.750000
vt 0.875000 0.500000
vt 0.875000 0.750000
s 0
usemtl Material.006
f 1085/1271/393 1086/1272/393 1088/1273/393 1087/1274/393
f 1087/1274/394 1088/1273/394 1092/1275/394 1091/1276/394
f 1091/1276/395 1092/1275/395 1090/1277/395 1089/1278/395
f 1089/1278/396 1090/1277/396 1086/1279/396 1085/1280/396
f 1087/1281/397 1091/1276/397 1089/1278/397 1085/1282/397
f 1092/1275/398 1088/1283/398 1086/1284/398 1090/1277/398
o LED_strip.013
v -4.867623 4.010823 -7.473130
v -4.867623 4.041303 -7.473130
v -4.867623 4.010823 -7.503610
v -4.867623 4.041303 -7.503610
v -3.282663 4.010823 -7.473130
v -3.282663 4.041303 -7.473130
v -3.282663 4.010823 -7.503610
v -3.282663 4.041303 -7.503610
vn -1.0000 -0.0000 -0.0000
vn -0.0000 -0.0000 -1.0000
vn 1.0000 -0.0000 -0.0000
vn -0.0000 -0.0000 1.0000
vn -0.0000 -1.0000 -0.0000
vn -0.0000 1.0000 -0.0000
vt 0.375000 0.000000
vt 0.625000 0.000000
vt 0.625000 0.250000
vt 0.375000 0.250000
vt 0.625000 0.500000
vt 0.375000 0.500000
vt 0.625000 0.750000
vt 0.375000 0.750000
vt 0.625000 1.000000
vt 0.375000 1.000000
vt 0.125000 0.500000
vt 0.125000 0.750000
vt 0.875000 0.500000
vt 0.875000 0.750000
s 0
usemtl Material.006
f 1093/1285/399 1094/1286/399 1096/1287/399 1095/1288/399
f 1095/1288/400 1096/1287/400 1100/1289/400 1099/1290/400
f 1099/1290/401 1100/1289/401 1098/1291/401 1097/1292/401
f 1097/1292/402 1098/1291/402 1094/1293/402 1093/1294/402
f 1095/1295/403 1099/1290/403 1097/1292/403 1093/1296/403
f 1100/1289/404 1096/1297/404 1094/1298/404 1098/1291/404
o LED_strip.016
v 3.253825 4.010823 -7.473130
v 3.253825 4.041303 -7.473130
v 3.253825 4.010823 -7.503610
v 3.253825 4.041303 -7.503610
v 4.838785 4.010823 -7.473130
v 4.838785 4.041303 -7.473130
v 4.838785 4.010823 -7.503610
v 4.838785 4.041303 -7.503610
vn -1.0000 -0.0000 -0.0000
vn -0.0000 -0.0000 -1.0000
vn 1.0000 -0.0000 -0.0000
vn -0.0000 -0.0000 1.0000
vn -0.0000 -1.0000 -0.0000
vn -0.0000 1.0000 -0.0000
vt 0.375000 0.000000
vt 0.625000 0.000000
vt 0.625000 0.250000
vt 0.375000 0.250000
vt 0.625000 0.500000
vt 0.375000 0.500000
vt 0.625000 0.750000
vt 0.375000 0.750000
vt 0.625000 1.000000
vt 0.375000 1.000000
vt 0.125000 0.500000
vt 0.125000 0.750000
vt 0.875000 0.500000
vt 0.875000 0.750000
s 0
usemtl Material.006
f 1101/1299/405 1102/1300/405 1104/1301/405 1103/1302/405
f 1103/1302/406 1104/1301/406 1108/1303/406 1107/1304/406
f 1107/1304/407 1108/1303/407 1106/1305/407 1105/1306/407
f 1105/1306/408 1106/1305/408 1102/1307/408 1101/1308/408
f 1103/1309/409 1107/1304/409 1105/1306/409 1101/1310/409
f 1108/1303/410 1104/1311/410 1102/1312/410 1106/1305/410
o Cube.004
v -0.457200 0.029188 -0.539304
v -0.447173 0.208280 -1.407615
v -0.447173 0.604520 -1.407615
v 0.794883 0.042477 -0.533400
v 0.772027 0.208280 -1.407615
v 0.772027 0.604520 -1.407615
v -0.382817 0.569447 -1.353656
v 0.707670 0.569447 -1.353656
v -0.384870 0.045843 -0.616043
v 0.733741 0.057455 -0.612373
v -0.447173 0.604520 -1.407615
v 0.772027 0.604520 -1.407615
v -0.457200 0.029188 -0.539304
v 0.794883 0.042477 -0.533400
vn -0.9999 -0.0000 -0.0115
vn -0.0000 -0.0000 -1.0000
vn 0.9997 -0.0000 -0.0261
vn 0.0057 -0.9809 -0.1942
vn -0.0000 1.0000 -0.0000
vn -0.0053 0.8191 0.5736
vn -0.0000 0.8384 0.5450
vn -0.0111 0.9801 0.1983
vn -0.2372 0.8057 0.5428
vn 0.2012 0.8077 0.5542
vt 0.625000 0.000000
vt 0.625000 0.250000
vt 0.375000 0.250000
vt 0.625000 0.500000
vt 0.375000 0.500000
vt 0.375000 0.750000
vt 0.125000 0.500000
vt 0.125000 0.750000
vt 0.638196 0.522129
vt 0.861804 0.522129
vt 0.861804 0.727871
vt 0.638196 0.727871
vt 0.875000 0.500000
vt 0.875000 0.750000
vt 0.625000 0.750000
s 0
usemtl Material.005
f 1109/1313/411 1111/1314/411 1110/1315/411
f 1110/1315/412 1111/1314/412 1114/1316/412 1113/1317/412
f 1113/1317/413 1114/1316/413 1112/1318/413
f 1110/1319/414 1113/1317/414 1112/1318/414 1109/1320/414
f 1112/1318/415 1114/1316/415 1120/1316/415 1122/1318/415
f 1114/1316/415 1111/1314/415 1119/1314/415 1120/1316/415
f 1111/1314/415 1109/1313/415 1121/1313/415 1119/1314/415
f 1109/1320/415 1112/1318/415 1122/1318/415 1121/1320/415
f 1115/1322/417 1116/1321/417 1120/1316/417 1119/1325/417
f 1118/1324/418 1117/1323/418 1121/1326/418 1122/1327/418
f 1116/1321/419 1118/1324/419 1122/1327/419 1120/1316/419
f 1117/1323/420 1115/1322/420 1119/1325/420 1121/1326/420
usemtl Material.012
f 1116/1321/416 1115/1322/416 1117/1323/416 1118/1324/416
o LED_strip
v -4.876800 0.604600 -1.417320
v -4.876800 0.614600 -1.417320
v -4.876800 0.604600 -1.447800
v -4.876800 0.614600 -1.447800
v 4.876800 0.604600 -1.417320
v 4.876800 0.614600 -1.417320
v 4.876800 0.604600 -1.447800
v 4.876800 0.614600 -1.447800
vn -1.0000 -0.0000 -0.0000
vn -0.0000 -0.0000 -1.0000
vn 1.0000 -0.0000 -0.0000
vn -0.0000 -0.0000 1.0000
vn -0.0000 -1.0000 -0.0000
vn -0.0000 1.0000 -0.0000
vt 0.375000 0.000000
vt 0.625000 0.000000
vt 0.625000 0.250000
vt 0.375000 0.250000
vt 0.625000 0.500000
vt 0.375000 0.500000
vt 0.625000 0.750000
vt 0.375000 0.750000
vt 0.625000 1.000000
vt 0.375000 1.000000
vt 0.125000 0.500000
vt 0.125000 0.750000
vt 0.875000 0.500000
vt 0.875000 0.750000
s 0
usemtl Material.006
f 1123/1328/421 1124/1329/421 1126/1330/421 1125/1331/421
f 1125/1331/422 1126/1330/422 1130/1332/422 1129/1333/422
f 1129/1333/423 1130/1332/423 1128/1334/423 1127/1335/423
f 1127/1335/424 1128/1334/424 1124/1336/424 1123/1337/424
f 1125/1338/425 1129/1333/425 1127/1335/425 1123/1339/425
f 1130/1332/426 1126/1340/426 1124/1341/426 1128/1334/426
o Step_LED_strip.001
v -1.675969 0.452200 -1.123323
v -1.675969 0.462200 -1.123323
v -1.675969 0.452200 -1.153803
v -1.675969 0.462200 -1.153803
v -0.456769 0.452200 -1.123323
v -0.456769 0.462200 -1.123323
v -0.456769 0.452200 -1.153803
v -0.456769 0.462200 -1.153803
vn -1.0000 -0.0000 -0.0000
vn -0.0000 -0.0000 -1.0000
vn 1.0000 -0.0000 -0.0000
vn -0.0000 -0.0000 1.0000
vn -0.0000 -1.0000 -0.0000
vn -0.0000 1.0000 -0.0000
vt 0.375000 0.000000
vt 0.625000 0.000000
vt 0.625000 0.250000
vt 0.375000 0.250000
vt 0.625000 0.500000
vt 0.375000 0.500000
vt 0.625000 0.750000
vt 0.375000 0.750000
vt 0.625000 1.000000
vt 0.375000 1.000000
vt 0.125000 0.500000
vt 0.125000 0.750000
vt 0.875000 0.500000
vt 0.875000 0.750000
s 0
usemtl Material.006
f 1131/1342/427 1132/1343/427 1134/1344/427 1133/1345/427
f 1133/1345/428 1134/1344/428 1138/1346/428 1137/1347/428
f 1137/1347/429 1138/1346/429 1136/1348/429 1135/1349/429
f 1135/1349/430 1136/1348/430 1132/1350/430 1131/1351/430
f 1133/1352/431 1137/1347/431 1135/1349/431 1131/1353/431
f 1138/1346/432 1134/1354/432 1132/1355/432 1136/1348/432
o Step_LED_strip.003
v -1.675969 0.299800 -0.807720
v -1.675969 0.309800 -0.807720
v -1.675969 0.299800 -0.838200
v -1.675969 0.309800 -0.838200
v -0.456769 0.299800 -0.807720
v -0.456769 0.309800 -0.807720
v -0.456769 0.299800 -0.838200
v -0.456769 0.309800 -0.838200
vn -1.0000 -0.0000 -0.0000
vn -0.0000 -0.0000 -1.0000
vn 1.0000 -0.0000 -0.0000
vn -0.0000 -0.0000 1.0000
vn -0.0000 -1.0000 -0.0000
vn -0.0000 1.0000 -0.0000
vt 0.375000 0.000000
vt 0.625000 0.000000
vt 0.625000 0.250000
vt 0.375000 0.250000
vt 0.625000 0.500000
vt 0.375000 0.500000
vt 0.625000 0.750000
vt 0.375000 0.750000
vt 0.625000 1.000000
vt 0.375000 1.000000
vt 0.125000 0.500000
vt 0.125000 0.750000
vt 0.875000 0.500000
vt 0.875000 0.750000
s 0
usemtl Material.006
f 1139/1356/433 1140/1357/433 1142/1358/433 1141/1359/433
f 1141/1359/434 1142/1358/434 1146/1360/434 1145/1361/434
f 1145/1361/435 1146/1360/435 1144/1362/435 1143/1363/435
f 1143/1363/436 1144/1362/436 1140/1364/436 1139/1365/436
f 1141/1366/437 1145/1361/437 1143/1363/437 1139/1367/437
f 1146/1360/438 1142/1368/438 1140/1369/438 1144/1362/438
o Step_LED_strip.004
v -1.675969 0.147400 -0.533400
v -1.675969 0.157400 -0.533400
v -1.675969 0.147400 -0.563880
v -1.675969 0.157400 -0.563880
v -0.456769 0.147400 -0.533400
v -0.456769 0.157400 -0.533400
v -0.456769 0.147400 -0.563880
v -0.456769 0.157400 -0.563880
vn -1.0000 -0.0000 -0.0000
vn -0.0000 -0.0000 -1.0000
vn 1.0000 -0.0000 -0.0000
vn -0.0000 -0.0000 1.0000
vn -0.0000 -1.0000 -0.0000
vn -0.0000 1.0000 -0.0000
vt 0.375000 0.000000
vt 0.625000 0.000000
vt 0.625000 0.250000
vt 0.375000 0.250000
vt 0.625000 0.500000
vt 0.375000 0.500000
vt 0.625000 0.750000
vt 0.375000 0.750000
vt 0.625000 1.000000
vt 0.375000 1.000000
vt 0.125000 0.500000
vt 0.125000 0.750000
vt 0.875000 0.500000
vt 0.875000 0.750000
s 0
usemtl Material.006
f 1147/1370/439 1148/1371/439 1150/1372/439 1149/1373/439
f 1149/1373/440 1150/1372/440 1154/1374/440 1153/1375/440
f 1153/1375/441 1154/1374/441 1152/1376/441 1151/1377/441
f 1151/1377/442 1152/1376/442 1148/1378/442 1147/1379/442
f 1149/1380/443 1153/1375/443 1151/1377/443 1147/1381/443
f 1154/1374/444 1150/1382/444 1148/1383/444 1152/1376/444
o Step_LED_strip.002
v 0.793677 0.452200 -1.123033
v 0.793677 0.462200 -1.123033
v 0.793677 0.452200 -1.153513
v 0.793677 0.462200 -1.153513
v 2.012877 0.452200 -1.123033
v 2.012877 0.462200 -1.123033
v 2.012877 0.452200 -1.153513
v 2.012877 0.462200 -1.153513
vn -1.0000 -0.0000 -0.0000
vn -0.0000 -0.0000 -1.0000
vn 1.0000 -0.0000 -0.0000
vn -0.0000 -0.0000 1.0000
vn -0.0000 -1.0000 -0.0000
vn -0.0000 1.0000 -0.0000
vt 0.375000 0.000000
vt 0.625000 0.000000
vt 0.625000 0.250000
vt 0.375000 0.250000
vt 0.625000 0.500000
vt 0.375000 0.500000
vt 0.625000 0.750000
vt 0.375000 0.750000
vt 0.625000 1.000000
vt 0.375000 1.000000
vt 0.125000 0.500000
vt 0.125000 0.750000
vt 0.875000 0.500000
vt 0.875000 0.750000
s 0
usemtl Material.006
f 1155/1384/445 1156/1385/445 1158/1386/445 1157/1387/445
f 1157/1387/446 1158/1386/446 1162/1388/446 1161/1389/446
f 1161/1389/447 1162/1388/447 1160/1390/447 1159/1391/447
f 1159/1391/448 1160/1390/448 1156/1392/448 1155/1393/448
f 1157/1394/449 1161/1389/449 1159/1391/449 1155/1395/449
f 1162/1388/450 1158/1396/450 1156/1397/450 1160/1390/450
o Step_LED_strip.005
v 0.793712 0.299800 -0.807666
v 0.793712 0.309800 -0.807666
v 0.793712 0.299800 -0.838146
v 0.793712 0.309800 -0.838146
v 2.012912 0.299800 -0.807666
v 2.012912 0.309800 -0.807666
v 2.012912 0.299800 -0.838146
v 2.012912 0.309800 -0.838146
vn -1.0000 -0.0000 -0.0000
vn -0.0000 -0.0000 -1.0000
vn 1.0000 -0.0000 -0.0000
vn -0.0000 -0.0000 1.0000
vn -0.0000 -1.0000 -0.0000
vn -0.0000 1.0000 -0.0000
vt 0.375000 0.000000
vt 0.625000 0.000000
vt 0.625000 0.250000
vt 0.375000 0.250000
vt 0.625000 0.500000
vt 0.375000 0.500000
vt 0.625000 0.750000
vt 0.375000 0.750000
vt 0.625000 1.000000
vt 0.375000 1.000000
vt 0.125000 0.500000
vt 0.125000 0.750000
vt 0.875000 0.500000
vt 0.875000 0.750000
s 0
usemtl Material.006
f 1163/1398/451 1164/1399/451 1166/1400/451 1165/1401/451
f 1165/1401/452 1166/1400/452 1170/1402/452 1169/1403/452
f 1169/1403/453 1170/1402/453 1168/1404/453 1167/1405/453
f 1167/1405/454 1168/1404/454 1164/1406/454 1163/1407/454
f 1165/1408/455 1169/1403/455 1167/1405/455 1163/1409/455
f 1170/1402/456 1166/1410/456 1164/1411/456 1168/1404/456
o Step_LED_strip.006
v 0.793736 0.147400 -0.533465
v 0.793736 0.157400 -0.533465
v 0.793736 0.147400 -0.563945
v 0.793736 0.157400 -0.563945
v 2.012936 0.147400 -0.533465
v 2.012936 0.157400 -0.533465
v 2.012936 0.147400 -0.563945
v 2.012936 0.157400 -0.563945
vn -1.0000 -0.0000 -0.0000
vn -0.0000 -0.0000 -1.0000
vn 1.0000 -0.0000 -0.0000
vn -0.0000 -0.0000 1.0000
vn -0.0000 -1.0000 -0.0000
vn -0.0000 1.0000 -0.0000
vt 0.375000 0.000000
vt 0.625000 0.000000
vt 0.625000 0.250000
vt 0.375000 0.250000
vt 0.625000 0.500000
vt 0.375000 0.500000
vt 0.625000 0.750000
vt 0.375000 0.750000
vt 0.625000 1.000000
vt 0.375000 1.000000
vt 0.125000 0.500000
vt 0.125000 0.750000
vt 0.875000 0.500000
vt 0.875000 0.750000
s 0
usemtl Material.006
f 1171/1412/457 1172/1413/457 1174/1414/457 1173/1415/457
f 1173/1415/458 1174/1414/458 1178/1416/458 1177/1417/458
f 1177/1417/459 1178/1416/459 1176/1418/459 1175/1419/459
f 1175/1419/460 1176/1418/460 1172/1420/460 1171/1421/460
f 1173/1422/461 1177/1417/461 1175/1419/461 1171/1423/461
f 1178/1416/462 1174/1424/462 1172/1425/462 1176/1418/462
